sid_A,part,drop_A
5,tail,-0.08055925369262695
5,tail,-0.0024644136428833008
5,tail,-0.38152700662612915
5,tail,0.0004936456680297852
5,tail,3.0517578125e-05
18,tail,-0.5434702634811401
18,tail,-0.8744531869888306
18,tail,-0.8451026678085327
18,tail,-0.6624428033828735
18,tail,-0.8955098986625671
1,tail,-0.000779271125793457
1,tail,-0.0005261898040771484
1,tail,-0.0066852569580078125
1,tail,2.9265880584716797e-05
1,tail,-0.5528879761695862
7,tail,-0.004895210266113281
7,tail,-0.12478941679000854
7,tail,-0.007203876972198486
7,tail,-0.031643450260162354
7,tail,0.0008391141891479492
14,tail,-0.0011530518531799316
14,tail,-0.03307825326919556
14,tail,-0.0027360916137695312
14,tail,-0.017419755458831787
14,tail,-0.002937614917755127
48,tail,-0.7702617049217224
48,tail,-0.011599916964769363
48,tail,-0.7746267318725586
48,tail,-0.11501231789588928
48,tail,-0.013072796165943146
12,tail,-0.0010009407997131348
12,tail,-0.006028413772583008
12,tail,-0.01519232988357544
12,tail,-0.0008218884468078613
12,tail,-0.9754058718681335
49,tail,-0.04211074113845825
49,tail,-0.05080080032348633
49,tail,0.001132965087890625
49,tail,0.0117720365524292
49,tail,0.10944479703903198
11,tail,-0.32903772592544556
11,tail,-0.4525371193885803
11,tail,-0.016546249389648438
11,tail,-0.8902616500854492
11,tail,-0.07599598169326782
34,tail,-0.00710827112197876
34,tail,0.00038039684295654297
34,tail,-0.0020081400871276855
34,tail,-0.08063268661499023
34,tail,0.00012987852096557617
6,tail,2.390146255493164e-05
6,tail,-0.011318981647491455
6,tail,-0.00041234493255615234
6,tail,-2.181529998779297e-05
6,tail,-3.2782554626464844e-06
42,tail,-0.0059296488761901855
42,tail,-0.003085792064666748
42,tail,-0.004613041877746582
42,tail,-6.22868537902832e-05
42,tail,-0.01010143756866455
4,tail,-3.927946090698242e-05
4,tail,0.005746126174926758
4,tail,-0.009309947490692139
4,tail,4.4226646423339844e-05
4,tail,-3.510713577270508e-05
40,tail,-0.0018931031227111816
40,tail,-0.023308396339416504
40,tail,-0.00018203258514404297
40,tail,-0.007906496524810791
40,tail,-0.2552263140678406
26,tail,-0.003962457180023193
26,tail,-0.00048065185546875
26,tail,0.00018906593322753906
26,tail,-0.00109785795211792
26,tail,-0.00021731853485107422
22,tail,0.05414390563964844
22,tail,-0.04942634701728821
22,tail,-0.7676264047622681
22,tail,0.0883181095123291
22,tail,-0.3712247610092163
19,tail,-0.00010585784912109375
19,tail,-0.0004805922508239746
19,tail,-7.033348083496094e-06
19,tail,3.3795833587646484e-05
19,tail,2.7418136596679688e-06
21,tail,0.004963219165802002
21,tail,-0.7218226790428162
21,tail,0.0005133748054504395
21,tail,0.0007094740867614746
21,tail,0.0015508532524108887
37,tail,-7.736682891845703e-05
37,tail,-0.12668359279632568
37,tail,-0.6249988079071045
37,tail,-0.10325407981872559
37,tail,0.39620161056518555
10,tail,0.011632740497589111
10,tail,0.0011349916458129883
10,tail,0.014896035194396973
10,tail,0.0008327364921569824
10,tail,-0.0006449222564697266
35,tail,-7.37905502319336e-05
35,tail,-0.014618933200836182
35,tail,-0.002538919448852539
35,tail,-1.329183578491211e-05
35,tail,-5.6803226470947266e-05
28,tail,-0.001147925853729248
28,tail,-0.00226515531539917
28,tail,-0.0019231438636779785
28,tail,0.26968470215797424
28,tail,-0.0002872347831726074
29,tail,-0.2169785499572754
29,tail,-0.7360096573829651
29,tail,-0.35414057970046997
29,tail,-0.08076238632202148
29,tail,-0.5837509036064148
15,tail,-0.001626729965209961
15,tail,-0.00020551681518554688
15,tail,-7.587671279907227e-05
15,tail,-0.002837538719177246
15,tail,-0.0006992220878601074
20,tail,-0.018861770629882812
20,tail,0.007721424102783203
20,tail,0.048651814460754395
20,tail,-0.07395130395889282
20,tail,-0.016882479190826416
0,tail,-0.36768293380737305
0,tail,0.0002503395080566406
0,tail,-0.012591302394866943
0,tail,-0.0036719441413879395
0,tail,0.0008668899536132812
45,tail,-0.07407760620117188
45,tail,-0.0022107958793640137
45,tail,-0.012341797351837158
45,tail,-0.004603207111358643
45,tail,-0.5606867074966431
43,tail,-0.036555349826812744
43,tail,-0.01599264144897461
43,tail,-0.04217529296875
43,tail,-0.02163022756576538
43,tail,-0.12569540739059448
36,tail,-0.005373120307922363
36,tail,-0.0035497546195983887
36,tail,-0.1866423487663269
36,tail,-0.24492812156677246
36,tail,-0.2918933033943176
17,tail,-0.009908676147460938
17,tail,-0.006160378456115723
17,tail,-0.0285264253616333
17,tail,-0.03057175874710083
17,tail,-0.03478187322616577
44,tail,-0.0029897689819335938
44,tail,-0.39157313108444214
44,tail,-0.03672301769256592
44,tail,-0.031688153743743896
44,tail,-0.0036362409591674805
30,tail,2.777576446533203e-05
30,tail,7.033348083496094e-06
30,tail,-0.013933181762695312
30,tail,-0.0007014870643615723
30,tail,-0.0007798075675964355
39,tail,-0.3236675262451172
39,tail,-0.4887973368167877
39,tail,-0.03926458954811096
39,tail,-0.3669998347759247
39,tail,-0.337491512298584
3,tail,-0.8884702920913696
3,tail,0.009163975715637207
3,tail,-0.2657938599586487
3,tail,0.0023249387741088867
3,tail,-0.5478956699371338
32,tail,-0.5167338848114014
32,tail,-0.278975248336792
32,tail,-0.5112563371658325
32,tail,-0.6267901659011841
32,tail,-0.5091811418533325
16,tail,-0.00952380895614624
16,tail,0.00045055150985717773
16,tail,-5.5670738220214844e-05
16,tail,0.0006117820739746094
16,tail,-2.5451183319091797e-05
23,tail,-0.00013273954391479492
23,tail,-0.0003008842468261719
23,tail,0.0006851553916931152
23,tail,-4.1425228118896484e-05
23,tail,-0.0025019049644470215
9,tail,-0.004967212677001953
9,tail,-0.005424916744232178
9,tail,-0.001393735408782959
9,tail,-0.007364094257354736
9,tail,-0.0013183355331420898
2,tail,-0.026446163654327393
2,tail,-0.001048445701599121
2,tail,-0.01869267225265503
2,tail,-0.009101808071136475
2,tail,-0.003528416156768799
47,tail,9.298324584960938e-06
47,tail,0.0002792477607727051
47,tail,-0.0018895864486694336
47,tail,0.001109480857849121
47,tail,-0.1524432897567749
8,tail,-0.32448810338974
8,tail,-0.017825663089752197
8,tail,-0.00512385368347168
8,tail,-0.007928013801574707
8,tail,-0.00851529836654663
41,tail,-0.04468238353729248
41,tail,-0.07935631275177002
41,tail,-0.016628503799438477
41,tail,-0.028250694274902344
41,tail,0.11929643154144287
27,tail,-0.4558519124984741
27,tail,-0.5203553438186646
27,tail,-0.8331307172775269
27,tail,-0.4563661813735962
27,tail,-0.3841458559036255
46,tail,0.002331972122192383
46,tail,-0.2617061138153076
46,tail,-0.47384294867515564
46,tail,0.009528614580631256
46,tail,-0.24609428644180298
25,tail,-0.16858762502670288
25,tail,-0.08527296781539917
25,tail,-0.014130771160125732
25,tail,-0.560004711151123
25,tail,-0.41825205087661743
24,tail,-0.3507404327392578
24,tail,-0.0003865957260131836
24,tail,0.12140417098999023
24,tail,-0.0043711066246032715
24,tail,0.00014483928680419922
13,tail,-0.5915647745132446
13,tail,-0.5559868812561035
13,tail,-0.6568126082420349
13,tail,-0.5665720701217651
13,tail,-0.586174726486206
38,tail,-0.01104968786239624
38,tail,-0.009741425514221191
38,tail,-0.009585797786712646
38,tail,-0.02832317352294922
38,tail,0.0019026398658752441
31,tail,-0.019874930381774902
31,tail,-0.5448095798492432
31,tail,-0.0233839750289917
31,tail,-6.562471389770508e-05
31,tail,9.179115295410156e-06
24,beak,-0.009782612323760986
24,beak,0.000579833984375
24,beak,0.03216743469238281
24,beak,0.0011906027793884277
24,beak,0.0034645795822143555
42,beak,9.119510650634766e-05
42,beak,9.894371032714844e-05
42,beak,-6.443262100219727e-05
42,beak,-0.010386466979980469
42,beak,0.00011473894119262695
3,beak,-0.008214116096496582
3,beak,0.05439025163650513
3,beak,-0.09145492315292358
3,beak,-8.916854858398438e-05
3,beak,0.001611471176147461
6,beak,-0.0030689239501953125
6,beak,9.304285049438477e-05
6,beak,-2.5451183319091797e-05
6,beak,-0.00021016597747802734
6,beak,-3.439188003540039e-05
0,beak,-0.0018076300621032715
0,beak,-0.024572551250457764
0,beak,-9.632110595703125e-05
0,beak,-0.00010293722152709961
0,beak,-0.05083572864532471
33,beak,-0.0002460479736328125
33,beak,-0.02189570665359497
33,beak,-0.08176594972610474
33,beak,-0.0012620091438293457
33,beak,-0.6294631958007812
32,beak,0.003229856491088867
32,beak,-0.0036967992782592773
32,beak,-0.005733370780944824
32,beak,-0.0008211135864257812
32,beak,-0.0004967451095581055
35,beak,-0.0009995698928833008
35,beak,-0.0007497072219848633
35,beak,-0.00011080503463745117
35,beak,-0.004585146903991699
35,beak,-4.655122756958008e-05
7,beak,-0.168329656124115
7,beak,-0.05850774049758911
7,beak,-0.009267807006835938
7,beak,-0.0031711459159851074
7,beak,-0.08413785696029663
44,beak,-0.029504358768463135
44,beak,0.01739293336868286
44,beak,-0.05951869487762451
44,beak,-0.04069650173187256
44,beak,-0.013783454895019531
47,beak,-0.06371182203292847
47,beak,-0.10026675462722778
47,beak,-0.00034111738204956055
47,beak,-0.13534194231033325
47,beak,-0.006552517414093018
22,beak,-0.2192457914352417
22,beak,-0.06582251191139221
22,beak,-0.012604773044586182
22,beak,-0.2338395118713379
22,beak,-0.0017535686492919922
4,beak,-0.00949239730834961
4,beak,-0.7066354751586914
4,beak,-0.0028040409088134766
4,beak,-0.24789190292358398
4,beak,-0.004155278205871582
9,beak,-0.0014858245849609375
9,beak,-0.001499474048614502
9,beak,-0.011566698551177979
9,beak,-0.005580723285675049
9,beak,-0.0009067058563232422
31,beak,-0.03899526596069336
31,beak,0.009046435356140137
31,beak,-0.15989291667938232
31,beak,-0.003142833709716797
31,beak,-0.03755080699920654
46,beak,-0.038977205753326416
46,beak,-0.023273110389709473
46,beak,-0.34486985206604004
46,beak,-0.0454777367413044
46,beak,-0.013436615467071533
2,beak,-0.0023331046104431152
2,beak,-0.052455246448516846
2,beak,0.000913083553314209
2,beak,0.0005595684051513672
2,beak,-0.08980798721313477
38,beak,-0.5051219463348389
38,beak,-0.3090950846672058
38,beak,-0.4715151786804199
38,beak,-0.06487685441970825
38,beak,-0.8002859950065613
27,beak,0.0001437067985534668
27,beak,0.00023365020751953125
27,beak,-3.4332275390625e-05
27,beak,0.0003694295883178711
27,beak,-0.0384211540222168
36,beak,-0.47087860107421875
36,beak,-0.459287166595459
36,beak,-0.4671252965927124
36,beak,-0.45666491985321045
36,beak,-0.45862191915512085
34,beak,-9.357929229736328e-05
34,beak,-0.025200843811035156
34,beak,-0.03812295198440552
34,beak,-0.0007550716400146484
34,beak,-0.031168818473815918
19,beak,-3.343820571899414e-05
19,beak,-0.00010335445404052734
19,beak,-8.028745651245117e-05
19,beak,0.00530397891998291
19,beak,-0.003146529197692871
21,beak,-0.009370803833007812
21,beak,-0.0020294785499572754
21,beak,-0.006536602973937988
21,beak,-0.0031600594520568848
21,beak,-0.002619802951812744
13,beak,0.0011664628982543945
13,beak,0.0010524988174438477
13,beak,0.0009558200836181641
13,beak,-0.00322723388671875
13,beak,-0.0005382895469665527
43,beak,-0.6085973978042603
43,beak,-0.767946183681488
43,beak,-0.6207358837127686
43,beak,-0.5825297236442566
43,beak,0.22469593584537506
39,beak,-0.155470609664917
39,beak,-0.3908476233482361
39,beak,-0.11416223645210266
39,beak,-0.2965053915977478
39,beak,-0.47362425923347473
28,beak,-0.1362447738647461
28,beak,-0.016063034534454346
28,beak,-0.03272277116775513
28,beak,-0.0030137300491333008
28,beak,-0.015307307243347168
17,beak,-0.0014706254005432129
17,beak,-0.012603163719177246
17,beak,-0.0166662335395813
17,beak,-0.0079115629196167
17,beak,-0.0004667043685913086
37,beak,-0.5812778472900391
37,beak,-0.0006856322288513184
37,beak,-0.001359403133392334
37,beak,-0.00344163179397583
37,beak,-0.027394264936447144
20,beak,-0.020514726638793945
20,beak,-0.03877443075180054
20,beak,-0.060280442237854004
20,beak,-0.013014078140258789
20,beak,-0.06596863269805908
23,beak,-0.0005184412002563477
23,beak,-0.001234889030456543
23,beak,-0.34351134300231934
23,beak,-0.005052149295806885
23,beak,-0.04733461141586304
5,beak,0.004324793815612793
5,beak,-0.03677898645401001
5,beak,-0.02065950632095337
5,beak,-0.033880770206451416
5,beak,-0.017356574535369873
30,beak,-0.014658451080322266
30,beak,-0.011458635330200195
30,beak,0.004241645336151123
30,beak,-0.001675426959991455
30,beak,-0.030060529708862305
25,beak,-0.02768707275390625
25,beak,-0.012405157089233398
25,beak,-0.125909686088562
25,beak,-0.00046241283416748047
25,beak,-0.07870537042617798
29,beak,-0.1605440378189087
29,beak,-0.005340397357940674
29,beak,-0.028563261032104492
29,beak,-0.05389171838760376
29,beak,-0.050537049770355225
49,beak,-0.013544440269470215
49,beak,-0.012168705463409424
49,beak,-0.38976943492889404
49,beak,-0.509402871131897
49,beak,0.004552185535430908
14,beak,-0.046173691749572754
14,beak,-0.0003291964530944824
14,beak,-0.001469433307647705
14,beak,-0.00011801719665527344
14,beak,-0.0218772292137146
41,beak,-0.0026859045028686523
41,beak,-0.07752907276153564
41,beak,-0.034213900566101074
41,beak,-0.007397770881652832
41,beak,-0.04975813627243042
48,beak,0.001676023006439209
48,beak,0.04915592819452286
48,beak,0.03938102722167969
48,beak,-0.17992785573005676
48,beak,0.18706902861595154
10,beak,0.01576334238052368
10,beak,-0.013704001903533936
10,beak,0.00034111738204956055
10,beak,-0.006469428539276123
10,beak,-0.04465705156326294
45,beak,-0.7452732920646667
45,beak,-0.028880059719085693
45,beak,-0.01473325490951538
45,beak,-0.008127212524414062
45,beak,-0.09203934669494629
12,beak,-0.0010704398155212402
12,beak,-0.0034219026565551758
12,beak,-0.00043845176696777344
12,beak,-0.00010001659393310547
12,beak,0.0027730464935302734
11,beak,-0.051444828510284424
11,beak,-0.03135961294174194
11,beak,-0.04216223955154419
11,beak,-0.015736043453216553
11,beak,-0.11600291728973389
1,beak,-0.00032061338424682617
1,beak,-5.125999450683594e-05
1,beak,-6.514787673950195e-05
1,beak,-0.0004794001579284668
1,beak,-0.003866434097290039
15,beak,-0.0026230812072753906
15,beak,-0.010910093784332275
15,beak,-0.012509167194366455
15,beak,-0.009390532970428467
15,beak,-0.01921701431274414
16,beak,0.0004468560218811035
16,beak,0.0008605718612670898
16,beak,5.173683166503906e-05
16,beak,0.00048476457595825195
16,beak,-0.00028252601623535156
8,beak,-0.0041961669921875
8,beak,-0.0858202576637268
8,beak,-0.0762513279914856
8,beak,-0.03551429510116577
8,beak,-0.008833169937133789
26,beak,-0.0006423592567443848
26,beak,-0.00026035308837890625
26,beak,-0.0005267858505249023
26,beak,-0.0012919902801513672
26,beak,-0.00044417381286621094
40,beak,0.0032632946968078613
40,beak,0.0006211400032043457
40,beak,-0.02873307466506958
40,beak,-0.00041997432708740234
40,beak,0.007485389709472656
18,beak,-0.4525752663612366
18,beak,-0.49464255571365356
18,beak,-0.36385855078697205
18,beak,-0.49759387969970703
18,beak,-0.48327258229255676
26,eye,-0.000667273998260498
26,eye,-0.0007724165916442871
26,eye,-0.000601649284362793
26,eye,-0.005174219608306885
26,eye,-0.005793452262878418
49,eye,-0.0003806948661804199
49,eye,-2.5451183319091797e-05
49,eye,-0.015063822269439697
49,eye,-0.02544349431991577
49,eye,0.05502581596374512
3,eye,-0.0009374022483825684
3,eye,-0.005869090557098389
3,eye,-0.03545796871185303
3,eye,-0.033633649349212646
3,eye,-0.008861958980560303
31,eye,-0.0023925304412841797
31,eye,0.0005116462707519531
31,eye,0.0005249977111816406
31,eye,-0.007645308971405029
31,eye,-0.01595747470855713
0,eye,0.0011975765228271484
0,eye,-0.3942405581474304
0,eye,-0.0031619668006896973
0,eye,-0.010826587677001953
0,eye,-0.545722246170044
39,eye,-0.12174439430236816
39,eye,-0.008562803268432617
39,eye,-0.13242247700691223
39,eye,-0.12355875968933105
39,eye,-0.004050195217132568
35,eye,-0.0035781264305114746
35,eye,-0.011308550834655762
35,eye,-0.004438519477844238
35,eye,-0.005096435546875
35,eye,-0.0056244730949401855
40,eye,0.0005426406860351562
40,eye,-0.001988828182220459
40,eye,-0.04584568738937378
40,eye,-0.002606630325317383
40,eye,0.0010644197463989258
9,eye,-2.8014183044433594e-06
9,eye,-7.987022399902344e-06
9,eye,-3.2067298889160156e-05
9,eye,-5.543231964111328e-06
9,eye,-2.4437904357910156e-06
24,eye,-0.10790830850601196
24,eye,-0.14809751510620117
24,eye,-0.01548093557357788
24,eye,-0.061741530895233154
24,eye,-0.3678686022758484
8,eye,-0.0013522505760192871
8,eye,-0.002214372158050537
8,eye,-0.0023909807205200195
8,eye,-0.0004069209098815918
8,eye,-0.006549537181854248
18,eye,-0.2726479172706604
18,eye,-0.015276134014129639
18,eye,0.00818091630935669
18,eye,-0.019828975200653076
18,eye,-0.008674144744873047
7,eye,-0.880479097366333
7,eye,-0.02343958616256714
7,eye,-0.001880347728729248
7,eye,-0.0013393759727478027
7,eye,-0.5786162614822388
25,eye,-0.006700038909912109
25,eye,-0.649846613407135
25,eye,-0.012681365013122559
25,eye,-0.048908531665802
25,eye,-0.7024485468864441
4,eye,-5.2809715270996094e-05
4,eye,-0.0426216721534729
4,eye,-0.00023049116134643555
4,eye,-0.0028519034385681152
4,eye,-0.0001112222671508789
29,eye,-0.42441242933273315
29,eye,-0.3686907887458801
29,eye,-0.4165611267089844
29,eye,-0.4699094593524933
29,eye,-0.4123729467391968
34,eye,-0.004992842674255371
34,eye,-0.015531718730926514
34,eye,-0.012957453727722168
34,eye,0.001843094825744629
34,eye,-0.001866757869720459
47,eye,-0.014904379844665527
47,eye,-0.014946818351745605
47,eye,-0.0014845728874206543
47,eye,-0.04457974433898926
47,eye,-0.01212918758392334
14,eye,-0.016971588134765625
14,eye,-0.00017589330673217773
14,eye,-0.017037510871887207
14,eye,-0.0025129318237304688
14,eye,-0.03240114450454712
21,eye,0.0014503002166748047
21,eye,-0.0007314682006835938
21,eye,-0.005486011505126953
21,eye,-0.013548195362091064
21,eye,-0.0014981627464294434
2,eye,-0.04096388816833496
2,eye,-0.4816280007362366
2,eye,-0.09054672718048096
2,eye,-0.12281304597854614
2,eye,-0.3749842643737793
37,eye,-0.0039064884185791016
37,eye,-0.0008930563926696777
37,eye,-0.00016570091247558594
37,eye,-0.00030291080474853516
37,eye,0.44574034214019775
23,eye,-0.2616031765937805
23,eye,-0.0008335113525390625
23,eye,0.0007704496383666992
23,eye,-0.0014990568161010742
23,eye,-0.007104694843292236
48,eye,-0.017241835594177246
48,eye,-0.027012553066015244
48,eye,-0.2953026294708252
48,eye,-0.2748357355594635
48,eye,-0.018608935177326202
15,eye,-0.1723279356956482
15,eye,-0.05234342813491821
15,eye,-0.01707237958908081
15,eye,-0.19809436798095703
15,eye,-0.015894830226898193
45,eye,-0.013127624988555908
45,eye,-0.007676959037780762
45,eye,-0.01918017864227295
45,eye,-0.01071840524673462
45,eye,-0.191209077835083
19,eye,-0.00010991096496582031
19,eye,-0.00031572580337524414
19,eye,-0.00028717517852783203
19,eye,0.007162749767303467
19,eye,-0.0010679960250854492
42,eye,-0.0011935830116271973
42,eye,-0.06005561351776123
42,eye,-0.00015980005264282227
42,eye,-0.5567712783813477
42,eye,-0.0003377199172973633
22,eye,-0.03665792942047119
22,eye,0.07892194390296936
22,eye,0.001205742359161377
22,eye,-0.0368385910987854
22,eye,0.0041005611419677734
30,eye,-0.0182955265045166
30,eye,-0.025877952575683594
30,eye,0.01593756675720215
30,eye,-0.004478394985198975
30,eye,3.981590270996094e-05
6,eye,-0.0094987154006958
6,eye,-0.0012387633323669434
6,eye,-0.0011331439018249512
6,eye,-0.0002682209014892578
6,eye,-1.3768672943115234e-05
28,eye,-0.00011926889419555664
28,eye,-0.00019538402557373047
28,eye,-0.0002474188804626465
28,eye,0.6305046081542969
28,eye,-4.661083221435547e-05
33,eye,-0.003172636032104492
33,eye,-0.0060898661613464355
33,eye,-0.01538628339767456
33,eye,-0.006525814533233643
33,eye,0.0035863518714904785
27,eye,-0.0024937987327575684
27,eye,-0.0024234652519226074
27,eye,-0.0014178752899169922
27,eye,-0.015841305255889893
27,eye,-0.047323644161224365
46,eye,-0.4966549873352051
46,eye,-0.46831244230270386
46,eye,-0.5309420228004456
46,eye,0.31651532649993896
46,eye,-0.5194103717803955
43,eye,-0.06932473182678223
43,eye,-0.01967078447341919
43,eye,-0.005587220191955566
43,eye,-0.003278672695159912
43,eye,0.6176682114601135
20,eye,-0.11705845594406128
20,eye,-0.7076220512390137
20,eye,-0.6420607566833496
20,eye,-0.19516044855117798
20,eye,-0.7615248560905457
16,eye,0.00035303831100463867
16,eye,0.00042754411697387695
16,eye,-0.00037932395935058594
16,eye,-0.0005803704261779785
16,eye,-0.0010632872581481934
11,eye,-0.2714396119117737
11,eye,-0.018572628498077393
11,eye,-0.04883295297622681
11,eye,0.02512037754058838
11,eye,-0.28401726484298706
44,eye,-0.04772639274597168
44,eye,-0.4071339964866638
44,eye,-0.05043339729309082
44,eye,-0.09806478023529053
44,eye,-0.03831756114959717
5,eye,-0.01780456304550171
5,eye,-0.08563399314880371
5,eye,-0.2731640934944153
5,eye,-0.022970855236053467
5,eye,-0.005353271961212158
12,eye,-0.010335385799407959
12,eye,-0.0014553070068359375
12,eye,-0.06522947549819946
12,eye,-0.01585489511489868
12,eye,0.003895998001098633
38,eye,-0.012456834316253662
38,eye,-0.6488254070281982
38,eye,-0.012765884399414062
38,eye,-0.0011488795280456543
38,eye,-0.04350876808166504
13,eye,-0.012480616569519043
13,eye,-0.00020170211791992188
13,eye,-0.0029338598251342773
13,eye,-0.001941084861755371
13,eye,0.0017442703247070312
1,eye,-0.060238420963287354
1,eye,-0.011214494705200195
1,eye,-0.26175475120544434
1,eye,-0.8843435049057007
1,eye,-0.003580629825592041
17,eye,-0.015852391719818115
17,eye,-0.32070988416671753
17,eye,-0.017373204231262207
17,eye,-0.006678760051727295
17,eye,-0.0033672451972961426
10,eye,-0.04822617769241333
10,eye,-0.033702850341796875
10,eye,-0.0011633634567260742
10,eye,-0.035563528537750244
10,eye,-0.0812639594078064
41,eye,0.0014181137084960938
41,eye,-0.03140294551849365
41,eye,0.008311867713928223
41,eye,0.0015625953674316406
41,eye,0.015199661254882812
5,wing,-0.6839348077774048
5,wing,-0.07352769374847412
5,wing,-0.7070624828338623
5,wing,-0.3798062205314636
5,wing,-0.15278327465057373
47,wing,-0.06334483623504639
47,wing,-0.010951459407806396
47,wing,-0.007802307605743408
47,wing,-0.06763029098510742
47,wing,-0.19267427921295166
0,wing,-0.13864034414291382
0,wing,-0.07691925764083862
0,wing,-0.017054378986358643
0,wing,-0.01649564504623413
0,wing,-0.021737635135650635
30,wing,-0.6041275262832642
30,wing,-0.5573524236679077
30,wing,-0.918038547039032
30,wing,-0.02898305654525757
30,wing,-0.6713322401046753
24,wing,-0.771965503692627
24,wing,-0.561142086982727
24,wing,-0.36756694316864014
24,wing,-0.5461350083351135
24,wing,-0.572339653968811
32,wing,-0.015721023082733154
32,wing,-0.006097137928009033
32,wing,0.005172073841094971
32,wing,-0.009205222129821777
32,wing,-0.00483548641204834
7,wing,-0.5351278781890869
7,wing,-0.2112724781036377
7,wing,-0.035209476947784424
7,wing,-0.005800604820251465
7,wing,-0.617516279220581
20,wing,-0.07594776153564453
20,wing,-0.5172030925750732
20,wing,-0.5178515911102295
20,wing,-0.2586953639984131
20,wing,-0.5399181246757507
6,wing,-0.014667093753814697
6,wing,-0.005353212356567383
6,wing,-0.0030924081802368164
6,wing,-8.106231689453125e-06
6,wing,-1.1265277862548828e-05
28,wing,-0.022777676582336426
28,wing,-0.00757908821105957
28,wing,-0.011409759521484375
28,wing,-0.16423560678958893
28,wing,-0.007934629917144775
48,wing,-0.038449883460998535
48,wing,0.06754128634929657
48,wing,-0.2561648488044739
48,wing,-0.2870236933231354
48,wing,0.17155113816261292
49,wing,-0.018708646297454834
49,wing,-0.015080392360687256
49,wing,-0.6052663326263428
49,wing,-0.5942573547363281
49,wing,-0.36553114652633667
3,wing,-0.6345453262329102
3,wing,-0.6279705762863159
3,wing,-0.6640494465827942
3,wing,-0.39368030428886414
3,wing,-0.6759775876998901
34,wing,-0.08961957693099976
34,wing,-0.385800838470459
34,wing,-0.014206171035766602
34,wing,-0.351274311542511
34,wing,-0.6398581266403198
27,wing,-0.00048238039016723633
27,wing,1.7285346984863281e-06
27,wing,-0.017665863037109375
27,wing,-0.0001081228256225586
27,wing,-0.18190807104110718
2,wing,-0.0029287338256835938
2,wing,0.005362868309020996
2,wing,-0.004640758037567139
2,wing,-0.002164125442504883
2,wing,-0.1460762619972229
35,wing,-0.029356539249420166
35,wing,-0.17129337787628174
35,wing,-0.11266034841537476
35,wing,-0.00887686014175415
35,wing,-0.0314827561378479
21,wing,0.0028406381607055664
21,wing,-0.05738610029220581
21,wing,0.0004355311393737793
21,wing,0.0004912018775939941
21,wing,0.0011349320411682129
33,wing,-0.084209144115448
33,wing,-0.08506220579147339
33,wing,-0.09056931734085083
33,wing,-0.0851210355758667
33,wing,-0.48578670620918274
31,wing,-0.022655189037322998
31,wing,-0.38999074697494507
31,wing,-0.050653934478759766
31,wing,-0.02783036231994629
31,wing,-0.3543277382850647
16,wing,-0.017204999923706055
16,wing,-0.8257248401641846
16,wing,-0.09319615364074707
16,wing,-0.824515700340271
16,wing,-0.7173118591308594
17,wing,-0.02097231149673462
17,wing,-0.0066471099853515625
17,wing,-0.024714350700378418
17,wing,-0.026656746864318848
17,wing,-0.02258211374282837
46,wing,-0.3999950885772705
46,wing,-0.8286435604095459
46,wing,0.039041221141815186
46,wing,0.8448431491851807
46,wing,0.011707842350006104
11,wing,-0.16081398725509644
11,wing,-0.1388537883758545
11,wing,-0.1378173828125
11,wing,-0.20480471849441528
11,wing,-0.12379103899002075
44,wing,-0.0004547238349914551
44,wing,-0.67705899477005
44,wing,-5.418062210083008e-05
44,wing,-0.008955299854278564
44,wing,-0.0006967782974243164
38,wing,-0.5878431797027588
38,wing,-0.7426254749298096
38,wing,-0.5686341524124146
38,wing,-0.5790272951126099
38,wing,-0.6081514358520508
42,wing,-0.001565396785736084
42,wing,-0.0014055371284484863
42,wing,-0.0018764138221740723
42,wing,-0.03351336717605591
42,wing,-0.0015279054641723633
14,wing,-0.7226266860961914
14,wing,-0.10006880760192871
14,wing,-0.4042767286300659
14,wing,-0.043704986572265625
14,wing,-0.05959135293960571
18,wing,0.02397310733795166
18,wing,-0.06270051002502441
18,wing,-0.24906831979751587
18,wing,-0.05621153116226196
18,wing,-0.07115322351455688
45,wing,-0.01623713970184326
45,wing,-0.00798344612121582
45,wing,-0.032513201236724854
45,wing,-0.02027606964111328
45,wing,-0.634827733039856
23,wing,-0.6237806081771851
23,wing,-0.11028379201889038
23,wing,-0.52677321434021
23,wing,-0.06669551134109497
23,wing,-0.07469773292541504
29,wing,-0.12900382280349731
29,wing,-0.05611687898635864
29,wing,-0.0410541296005249
29,wing,-0.05058562755584717
29,wing,-0.03617733716964722
26,wing,-0.48054611682891846
26,wing,-0.4425874948501587
26,wing,-0.4349537491798401
26,wing,-0.4236713647842407
26,wing,-0.44550567865371704
22,wing,-0.5997309684753418
22,wing,-0.14449018239974976
22,wing,-0.20994561910629272
22,wing,-0.5697863101959229
22,wing,-0.11386775970458984
36,wing,-0.00969916582107544
36,wing,-0.016267001628875732
36,wing,-0.013008594512939453
36,wing,-0.011375248432159424
36,wing,-0.010972380638122559
43,wing,-0.2881249785423279
43,wing,-0.5681854486465454
43,wing,-0.022365808486938477
43,wing,-0.09309583902359009
43,wing,-0.020815759897232056
39,wing,-0.10830295085906982
39,wing,-0.03132349252700806
39,wing,0.2388828992843628
39,wing,-0.6701769828796387
39,wing,-0.8399620652198792
12,wing,-0.014249682426452637
12,wing,-0.014660179615020752
12,wing,-0.014100849628448486
12,wing,-0.014093101024627686
12,wing,-0.6518129110336304
41,wing,-0.020020723342895508
41,wing,-0.19743108749389648
41,wing,0.003462493419647217
41,wing,-0.016624867916107178
41,wing,0.092587411403656
40,wing,-0.24951386451721191
40,wing,-0.04289448261260986
40,wing,-0.19607311487197876
40,wing,-0.056400954723358154
40,wing,-0.0617673397064209
9,wing,-0.05481827259063721
9,wing,-0.05508524179458618
9,wing,-0.05526477098464966
9,wing,-0.05031520128250122
9,wing,-0.05482840538024902
25,wing,-0.19347161054611206
25,wing,-0.3212682008743286
25,wing,-0.20821189880371094
25,wing,-0.1302984356880188
25,wing,-0.014447987079620361
37,wing,-0.027264893054962158
37,wing,-0.038680851459503174
37,wing,-0.037294089794158936
37,wing,-0.04446101188659668
37,wing,0.013726860284805298
4,wing,-0.008101940155029297
4,wing,-0.20753973722457886
4,wing,-0.006247282028198242
4,wing,-0.015333890914916992
4,wing,-0.008272528648376465
15,wing,-0.022617816925048828
15,wing,-0.0035231709480285645
15,wing,-0.003964841365814209
15,wing,-0.006222188472747803
15,wing,-0.006585061550140381
19,wing,-0.029545724391937256
19,wing,-0.023510515689849854
19,wing,-0.004412591457366943
19,wing,-0.9422034621238708
19,wing,-0.05568617582321167
10,wing,-0.4244919419288635
10,wing,-0.41724103689193726
10,wing,-0.37048178911209106
10,wing,-0.4106099009513855
10,wing,-0.27751803398132324
1,wing,-0.05024063587188721
1,wing,-0.05223798751831055
1,wing,-0.08117353916168213
1,wing,-0.36873888969421387
1,wing,-0.4776075482368469
13,wing,-0.35040152072906494
13,wing,-0.2299039363861084
13,wing,-0.32660913467407227
13,wing,-0.3931232690811157
13,wing,-0.37050098180770874
8,wing,-0.00823432207107544
8,wing,-0.018372297286987305
8,wing,-0.0971265435218811
8,wing,-0.056091487407684326
8,wing,-0.03142547607421875
22,foot,-0.2181585431098938
22,foot,0.017613351345062256
22,foot,-0.0327189564704895
22,foot,-0.030668199062347412
22,foot,-0.02820044755935669
28,foot,-0.006533920764923096
28,foot,-8.046627044677734e-06
28,foot,-0.011909425258636475
28,foot,-0.23281461000442505
28,foot,-1.8656253814697266e-05
3,foot,-0.01242297887802124
3,foot,-0.15161705017089844
3,foot,-0.07401186227798462
3,foot,-0.007187843322753906
3,foot,-0.01175159215927124
9,foot,-0.0008199214935302734
9,foot,-0.0008240342140197754
9,foot,-0.0001309514045715332
9,foot,-0.0033693909645080566
9,foot,-0.00036662817001342773
0,foot,-0.006267726421356201
0,foot,-0.5651960372924805
0,foot,-0.0026977062225341797
0,foot,-0.02214813232421875
0,foot,-0.36751842498779297
36,foot,-0.10679614543914795
36,foot,-0.0645599365234375
36,foot,-0.09106063842773438
36,foot,-0.1029093861579895
36,foot,-0.08103281259536743
27,foot,-0.2216489315032959
27,foot,-0.13176017999649048
27,foot,-0.5768425464630127
27,foot,-0.26921337842941284
27,foot,-0.3528488874435425
40,foot,-0.07672595977783203
40,foot,-0.28749823570251465
40,foot,-0.1505691409111023
40,foot,-0.07695645093917847
40,foot,-0.5664623975753784
8,foot,-0.006554067134857178
8,foot,-0.05275362730026245
8,foot,-0.015068471431732178
8,foot,-0.026216506958007812
8,foot,-0.056288957595825195
12,foot,-0.0295792818069458
12,foot,-0.03456932306289673
12,foot,-0.04439651966094971
12,foot,-0.01675093173980713
12,foot,-0.9419100880622864
7,foot,-0.7376701831817627
7,foot,-0.45148104429244995
7,foot,-0.45546960830688477
7,foot,-0.5007039308547974
7,foot,-0.4710386395454407
11,foot,-0.03805387020111084
11,foot,-0.15391433238983154
11,foot,-0.05934500694274902
11,foot,-0.5252037048339844
11,foot,-0.23591244220733643
6,foot,-0.012826323509216309
6,foot,-0.010892212390899658
6,foot,-1.0848045349121094e-05
6,foot,-0.0001717209815979004
6,foot,-0.0006391406059265137
30,foot,-0.7896604537963867
30,foot,-0.7463232278823853
30,foot,-0.9002206325531006
30,foot,-0.04539227485656738
30,foot,-0.7358444929122925
48,foot,-0.002279222011566162
48,foot,0.9157870411872864
48,foot,0.09265798330307007
48,foot,-0.2834383249282837
48,foot,0.06468655169010162
34,foot,-0.011745154857635498
34,foot,-0.08870398998260498
34,foot,-0.01177680492401123
34,foot,-0.012699127197265625
34,foot,-0.1008155345916748
2,foot,-0.026016831398010254
2,foot,-0.35952097177505493
2,foot,-0.053547561168670654
2,foot,-0.06715351343154907
2,foot,-0.36945873498916626
44,foot,-0.3681381344795227
44,foot,-0.551791787147522
44,foot,-0.3216930031776428
44,foot,-0.35538309812545776
44,foot,-0.37657463550567627
23,foot,-0.00969010591506958
23,foot,-0.0006065964698791504
23,foot,-0.5264368057250977
23,foot,-7.766485214233398e-05
23,foot,-0.019509971141815186
39,foot,-0.2877945303916931
39,foot,-0.0860866904258728
39,foot,-0.2179582715034485
39,foot,0.10196739435195923
39,foot,-0.028703033924102783
41,foot,-0.6526532173156738
41,foot,-0.6234490871429443
41,foot,-0.5902659893035889
41,foot,-0.6188850402832031
41,foot,0.007781475782394409
42,foot,-0.5820044875144958
42,foot,-0.5562148094177246
42,foot,-0.5159199237823486
42,foot,-0.5262530446052551
42,foot,-0.540577232837677
17,foot,-0.006732583045959473
17,foot,0.0022735595703125
17,foot,-0.09319126605987549
17,foot,-0.0010890960693359375
17,foot,-0.003985464572906494
43,foot,-0.07991725206375122
43,foot,-0.04188770055770874
43,foot,-0.033039093017578125
43,foot,-0.03326737880706787
43,foot,0.14485330879688263
19,foot,-0.0008797645568847656
19,foot,-0.0010052919387817383
19,foot,-0.0006032586097717285
19,foot,-0.5008846521377563
19,foot,-0.017613589763641357
13,foot,-0.017960011959075928
13,foot,-0.03120887279510498
13,foot,-0.036010801792144775
13,foot,-0.015433847904205322
13,foot,-0.018384218215942383
18,foot,-0.03757423162460327
18,foot,-0.008153796195983887
18,foot,-0.07405358552932739
18,foot,0.0021119117736816406
18,foot,-0.008131086826324463
45,foot,-0.04552149772644043
45,foot,-0.003058791160583496
45,foot,-0.0034844279289245605
45,foot,-0.0040850043296813965
45,foot,0.2889377474784851
35,foot,-0.00698775053024292
35,foot,-0.0401461124420166
35,foot,-0.028147220611572266
35,foot,-0.004552781581878662
35,foot,-0.000876307487487793
16,foot,-0.18495315313339233
16,foot,-0.7583250999450684
16,foot,-0.05937802791595459
16,foot,-0.8247559666633606
16,foot,-0.4113019108772278
25,foot,-0.27298587560653687
25,foot,-0.7402046918869019
25,foot,-0.1456538438796997
25,foot,-0.6580599546432495
25,foot,-0.8551321029663086
20,foot,-0.014659583568572998
20,foot,-0.23340845108032227
20,foot,-0.2203902006149292
20,foot,-0.026871025562286377
20,foot,-0.37207406759262085
5,foot,-0.5929882526397705
5,foot,-0.04692351818084717
5,foot,-0.5197012424468994
5,foot,-0.11552906036376953
5,foot,-0.03659600019454956
49,foot,-0.09139657020568848
49,foot,-0.09768140316009521
49,foot,-0.7788020372390747
49,foot,-0.7832472920417786
49,foot,-0.7590046525001526
29,foot,-0.06033527851104736
29,foot,-0.362033486366272
29,foot,-0.3588998317718506
29,foot,-0.04770791530609131
29,foot,-0.049116313457489014
14,foot,-0.0668073296546936
14,foot,-0.8758248090744019
14,foot,-0.21000069379806519
14,foot,-0.0010987520217895508
14,foot,-0.0859445333480835
26,foot,-0.02875351905822754
26,foot,-0.05722522735595703
26,foot,-0.01753002405166626
26,foot,-0.06578749418258667
26,foot,-0.11150127649307251
15,foot,0.00025349855422973633
15,foot,3.343820571899414e-05
15,foot,-0.00021350383758544922
15,foot,-0.00021207332611083984
15,foot,-9.971857070922852e-05
31,foot,-0.17359185218811035
31,foot,-0.8308078050613403
31,foot,-0.11553144454956055
31,foot,-0.044753849506378174
31,foot,-0.0370059609413147
38,foot,-0.7285827398300171
38,foot,-0.7974288463592529
38,foot,-0.7652348875999451
38,foot,-0.20963984727859497
38,foot,-0.7576403617858887
46,foot,-0.25430506467819214
46,foot,-0.018712639808654785
46,foot,-0.3263988494873047
46,foot,0.012922823429107666
46,foot,-0.03796100616455078
4,foot,-0.017985522747039795
4,foot,-0.8162264227867126
4,foot,-0.0039740800857543945
4,foot,-0.015050053596496582
4,foot,-0.009239554405212402
33,foot,-0.1263783574104309
33,foot,-0.03399783372879028
33,foot,-0.04798680543899536
33,foot,-0.023702919483184814
33,foot,-0.11937016248703003
24,foot,-0.016826629638671875
24,foot,0.001971721649169922
24,foot,0.009009122848510742
24,foot,0.00010061264038085938
24,foot,-0.005445957183837891
47,foot,-0.6955604553222656
47,foot,-0.27303045988082886
47,foot,-0.0016110539436340332
47,foot,-0.14054960012435913
47,foot,0.0004583001136779785
10,foot,-0.006461381912231445
10,foot,-0.022564053535461426
10,foot,-0.013845741748809814
10,foot,-0.027754008769989014
10,foot,-0.011572003364562988
21,foot,-0.614445686340332
21,foot,-0.832055926322937
21,foot,-0.4806089997291565
21,foot,-0.4634736180305481
21,foot,-0.5670152902603149
37,foot,-0.08165591955184937
37,foot,-0.032350242137908936
37,foot,-0.049519896507263184
37,foot,-0.03657197952270508
37,foot,0.1562008261680603
1,foot,-0.0008150935173034668
1,foot,-1.430511474609375e-05
1,foot,-0.00020951032638549805
1,foot,-0.01022040843963623
1,foot,-0.0050048828125
32,foot,-0.032328128814697266
32,foot,-0.014756262302398682
32,foot,-0.020402133464813232
32,foot,-0.006878018379211426
32,foot,-0.009306013584136963
