sid_A,sid_B,var_old,var_new,shift_B_fwd,shift_A_fwd,delta_z_old_mean,delta_z_new_mean,shift_A_bwd,leakage_sym,part
0,15,4,3,7.335332702496089e-05,-0.1799045443534851,-0.7045568585395813,0.6778794443467632,,3.6676663512480445e-05,tail
0,26,4,5,0.0015091174253029748,-0.37301613092422486,-0.5197662830352783,0.860530960559845,,0.0007545587126514874,tail
1,7,7,0,0.004907073464346467,-0.1921231746673584,-0.39529130458831785,0.09264809516713099,,0.0024535367321732336,tail
1,10,7,3,4.065206031107493e-05,-0.15122421979904174,-0.3489824771881104,0.45272181418746416,,2.0326030155537465e-05,tail
1,18,7,8,7.525364562752657e-05,-0.26090517044067385,-0.23506562709808348,0.8915034770965576,,3.7626822813763286e-05,tail
1,22,7,1,0.00020872059140515377,-0.19822555780410767,-0.21139931678771973,0.6141429456925834,,0.00010436029570257688,tail
1,45,7,6,0.00017065065926544776,-0.037132859230041504,-0.034057998657226564,0.13534291967417858,,8.532532963272388e-05,tail
2,3,4,8,0.0005326250613961747,-0.3141075372695923,-0.6794183611869812,0.8135030716657639,,0.00026631253069808736,tail
2,6,4,8,0.14166131323436276,-0.3141075372695923,-0.6794183611869812,0.8135030716657639,,0.07083065661718138,tail
2,25,4,3,2.5630900154283153e-06,-0.1200290560722351,-0.6124509334564209,0.701851524412632,,1.2815450077141576e-06,tail
2,42,4,0,0.0024493057376730578,-0.06232810020446777,-0.664514172077179,0.2846436989377253,,0.0012246528688365289,tail
2,47,4,8,0.001660236139287008,-0.3141075372695923,-0.6794183611869812,0.8135030716657639,,0.000830118069643504,tail
3,9,8,5,0.0004541810376395006,-0.2773971617221832,-0.6729018062353134,0.5461612580227666,,0.0002270905188197503,tail
3,15,8,3,0.00014766352945798643,-0.4214763522148132,-0.6422434002161026,0.42678564835805444,,7.383176472899322e-05,tail
3,32,8,6,0.004554786626249552,-0.34015578031539917,-0.5993083506822586,0.4295726111740805,,0.002277393313124776,tail
3,34,8,2,2.122795683590084e-05,-0.4990100979804993,-0.6759580284357071,0.5850283610634506,,1.061397841795042e-05,tail
4,6,1,8,7.232274053876608e-05,-0.08472909927368164,-0.5714196681976318,0.3680555962026119,,3.616137026938304e-05,tail
4,14,1,6,0.01641980067433906,-0.08750529289245605,-0.6837615370750427,0.5308800057769986,,0.00820990033716953,tail
4,17,1,2,3.0556114651858477e-07,-0.029948949813842773,-0.1770162582397461,2.2407948694080915e-05,,1.5278057325929239e-07,tail
4,19,1,4,1.8780520008476742e-05,-0.02306123971939087,-0.11563482284545898,0.3070166067271202,,9.390260004238371e-06,tail
4,28,1,0,0.01122515940842277,-0.04257599115371704,-0.20030557513237,0.1700680345777073,,0.005612579704211385,tail
4,37,1,2,5.505921903932176e-05,-0.029948949813842773,-0.1770162582397461,2.2407948694080915e-05,,2.752960951966088e-05,tail
4,40,1,5,0.00024920096421965354,-0.2636972784996033,-0.5517896175384521,0.6524051517248154,,0.00012460048210982677,tail
5,14,5,6,0.10552945733070374,-0.22926058769226074,-0.9324049592018128,0.16393131622462534,,0.05276472866535187,tail
5,18,5,8,1.854623978942982e-05,-0.3045457899570465,-0.6023923397064209,0.5829064851859584,,9.27311989471491e-06,tail
5,25,5,3,0.00021526784512388987,-0.02453192472457886,-0.11306334733963012,0.01134735250252561,,0.00010763392256194493,tail
6,7,8,0,2.0704034545815377e-05,-0.008219361305236816,-0.5168810486793518,0.126999122207053,,1.0352017272907688e-05,tail
6,40,8,5,4.071305914798984e-06,-0.08259350061416626,-0.49177064895629885,0.6551174700260163,,2.035652957399492e-06,tail
6,42,8,0,1.5951277737258353e-05,-0.008219361305236816,-0.5168810486793518,0.126999122207053,,7.975638868629176e-06,tail
7,9,0,5,0.0005846626205311623,-0.38267630338668823,-0.5544131219387054,0.4214789930731058,,0.00029233131026558113,tail
7,31,0,8,0.0005259643681938542,-0.1965445876121521,-0.5437603652477264,0.3895849820226431,,0.0002629821840969271,tail
7,36,0,8,0.003472372794931289,-0.1965445876121521,-0.5437603652477264,0.3895849820226431,,0.0017361863974656444,tail
7,45,0,6,0.0016127063880048808,-0.2397610664367676,-0.5068284213542938,0.17303966777690222,,0.0008063531940024404,tail
7,46,0,1,7.984722987686154e-07,-0.07712339162826538,-0.2407600224018097,0.1460405966034159,,3.992361493843077e-07,tail
8,11,0,5,0.05682559181004763,-0.6583588480949402,-0.9992664098739624,0.9532867193222045,,0.028412795905023814,tail
8,12,0,8,0.0008160114113707096,-0.3234503984451294,-0.9736231803894043,0.9529184818267822,,0.0004080057056853548,tail
8,29,0,1,0.00031297481182264165,-0.012993919849395751,-0.02081645727157593,0.3194687802344561,,0.00015648740591132083,tail
9,36,5,8,7.229299012578849e-06,-0.017595505714416503,-0.7747351050376892,0.12047647160361522,,3.6146495062894247e-06,tail
10,14,3,6,2.881659227682576e-07,0.003156006336212158,-0.433503258228302,0.00044619011846407374,,1.440829613841288e-07,tail
10,41,3,6,5.904075850438062e-08,0.003156006336212158,-0.433503258228302,0.00044619011846407374,,2.952037925219031e-08,tail
10,44,3,6,1.1169468816518702e-07,0.003156006336212158,-0.433503258228302,0.00044619011846407374,,5.584734408259351e-08,tail
10,47,3,8,2.7536794997073955e-05,-0.029298019409179688,-0.5785692691802978,0.45222443039529026,,1.3768397498536978e-05,tail
11,15,5,3,5.0239252672668044e-05,-0.48390514850616456,-0.7601181268692017,0.6106314077042043,,2.5119626336334022e-05,tail
11,22,5,1,0.0006254298330986785,-0.5541502833366394,-0.8285884618759155,0.16984283371130005,,0.00031271491654933926,tail
11,25,5,3,0.07609763210639357,-0.48390514850616456,-0.7601181268692017,0.6106314077042043,,0.038048816053196786,tail
11,28,5,0,8.228603199427198e-05,-0.6717686772346496,-0.8601998209953308,0.8087125100195408,,4.114301599713599e-05,tail
11,34,5,2,4.81631969364571e-05,-0.5188966393470764,-0.8104418754577637,0.00024344732796066637,,2.408159846822855e-05,tail
11,45,5,6,0.1985449273051927,-0.5606643199920655,-0.8300429940223694,0.5022142904694192,,0.09927246365259634,tail
11,49,5,3,0.20753781499806792,-0.48390514850616456,-0.7601181268692017,0.6106314077042043,,0.10376890749903396,tail
12,21,8,3,2.5238234664470836e-05,-0.23002216815948487,-0.7348259925842285,0.22372628932353109,,1.2619117332235418e-05,tail
12,49,8,3,0.0017127678762335562,-0.23002216815948487,-0.7348259925842285,0.22372628932353109,,0.0008563839381167781,tail
13,17,8,2,0.001419304101727903,-0.9113703489303588,-0.9741644382476806,0.8705316245555877,,0.0007096520508639515,tail
13,27,8,3,0.3576421151868999,-0.8161455035209656,-0.9735127806663513,0.8137837067246437,,0.17882105759344996,tail
14,19,6,4,1.299065090734075e-05,-0.030529892444610594,-0.44276289641857147,0.5795030951499939,,6.495325453670375e-06,tail
14,22,6,1,6.533070139624897e-06,-0.050460100173950195,-0.4517781764268875,0.16997792473266599,,3.2665350698124486e-06,tail
14,23,6,5,0.0003293860883786692,-0.27382640838623046,-0.6176074832677841,0.4732765855267644,,0.0001646930441893346,tail
14,27,6,3,1.6582994066993707e-05,-0.04502581357955933,-0.652123150229454,0.0004218016537834046,,8.291497033496853e-06,tail
14,29,6,1,0.00022077336666370684,-0.050460100173950195,-0.4517781764268875,0.16997792473266599,,0.00011038668333185342,tail
14,34,6,2,0.0001252515230589779,-0.01901106834411621,-0.5980738252401352,0.0045357477778452445,,6.262576152948895e-05,tail
14,48,6,5,0.00043721732236008394,-0.27382640838623046,-0.6176074832677841,0.4732765855267644,,0.00021860866118004197,tail
15,20,3,1,1.4639095979873673e-07,7.784366607666015e-06,-0.05366702079772949,0.14379781315801665,,7.319547989936837e-08,tail
15,47,3,8,0.026367404123811868,-0.07840763330459595,-0.6047368168830871,0.591406573727727,,0.013183702061905934,tail
16,23,7,5,0.00011571799572394071,-0.19937534332275392,-0.6941211938858032,0.706179505866021,,5.7858997861970354e-05,tail
16,24,7,3,0.05830931979107845,-0.3030867576599121,-0.5085496783256531,0.5859051456674933,,0.029154659895539226,tail
17,40,2,5,7.208972007788362e-07,-0.06058073043823242,-0.861373907327652,0.21033857953734697,,3.604486003894181e-07,tail
17,42,2,0,0.0006474953908764292,-0.08121364116668701,-0.4954894781112671,0.7480878383503295,,0.0003237476954382146,tail
18,30,8,4,0.008067933435086161,-0.6170920550823211,-0.8731711804866791,0.5155580889433622,,0.0040339667175430804,tail
19,28,4,0,1.4509602843304492e-05,-0.023033773899078368,-0.8183403968811035,0.008834412107501067,,7.254801421652246e-06,tail
19,36,4,8,0.006378827467960946,-0.07631235122680664,-0.6245532274246216,0.9609270453453064,,0.003189413733980473,tail
19,44,4,6,0.04579384433018276,-0.06363532543182374,-0.6849676966667175,0.19408504758030176,,0.02289692216509138,tail
20,40,1,5,0.018096724210772665,-0.10779067277908325,-0.539632324874401,0.6073780856910161,,0.009048362105386332,tail
20,49,1,3,3.0767824910071795e-05,-0.029244625568389894,-0.3571179512888193,0.11558601438264304,,1.5383912455035897e-05,tail
21,29,3,1,0.00012150384143296832,-0.19031776189804078,-0.2229357361793518,0.42055175378918647,,6.075192071648416e-05,tail
21,30,3,4,9.666329157198561e-06,-0.0323790431022644,-0.08502724170684814,0.34548161216080187,,4.833164578599281e-06,tail
21,36,3,8,6.002980728680995e-06,-0.44784705638885497,-0.849799919128418,0.8702049076557159,,3.0014903643404977e-06,tail
21,47,3,8,0.00044761626813851765,-0.44784705638885497,-0.849799919128418,0.8702049076557159,,0.00022380813406925882,tail
22,39,1,2,0.011626294115558267,-0.3074422091245651,-0.40474494397640226,0.21704742442816496,,0.005813147057779133,tail
22,41,1,6,0.0378195732831955,-0.3215670585632324,-0.4510518729686737,0.3644838623062242,,0.01890978664159775,tail
22,42,1,0,3.0255341880547348e-05,0.0057927131652832035,-0.3574940741062164,0.41407399424351754,,1.5127670940273674e-05,tail
22,45,1,6,0.0002153809155061026,-0.3215670585632324,-0.4510518729686737,0.3644838623062242,,0.0001076904577530513,tail
23,28,5,0,0.0004341813317296328,-0.013079571723937988,-0.3049215316772461,7.185103867755061e-05,,0.0002170906658648164,tail
24,30,3,4,0.00011556856916286051,0.006849229335784912,-0.13635609149932862,0.01754594569138135,,5.7784284581430254e-05,tail
24,37,3,2,3.4997967162553325e-06,-0.0855823040008545,-0.3071098327636719,0.27558739560190587,,1.7498983581276662e-06,tail
24,41,3,6,9.794810072349946e-07,-0.06290987730026246,-0.37916897535324096,0.0008575039278079105,,4.897405036174973e-07,tail
26,35,5,2,0.00038543616556125927,-0.007613146305084228,-0.5262886047363281,0.013698807694618153,,0.00019271808278062963,tail
26,42,5,0,0.0007966069602161951,-0.06280670166015626,-0.8097681641578675,0.18954469606578642,,0.00039830348010809756,tail
26,43,5,2,1.4287109422639332e-06,-0.007613146305084228,-0.5262886047363281,0.013698807694618153,,7.143554711319666e-07,tail
27,34,3,2,1.1683476850521402e-05,-0.5519666075706482,-0.9254408597946167,0.3586087912321091,,5.841738425260701e-06,tail
29,37,1,2,4.919947137693725e-07,-0.2630038261413574,-0.3831482410430908,0.08376995965372772,,2.4599735688468626e-07,tail
29,47,1,8,0.000265679005497077,-0.7756296277046204,-0.8429709076881409,0.8765103042125701,,0.0001328395027485385,tail
30,39,4,2,4.347996662090736e-06,-0.024030029773712158,-0.1755025029182434,0.000703836736829544,,2.173998331045368e-06,tail
30,40,4,5,7.034143216344547e-07,-0.025542211532592774,-0.23336997628211975,0.1770078915898921,,3.517071608172273e-07,tail
30,46,4,1,0.007435288204578683,-0.007319021224975586,-0.2072195291519165,0.1818267431575805,,0.0037176441022893415,tail
31,41,8,6,3.645914389238669e-06,-0.11642030477523804,-0.36498925685882566,0.0998949713955426,,1.8229571946193345e-06,tail
35,47,2,8,0.011507250744671182,-0.10545221567153931,-0.6725699782371521,0.554113783244975,,0.005753625372335591,tail
36,46,8,1,0.0016786255175247789,-0.2896215200424194,-0.9801663398742676,0.918778395652771,,0.0008393127587623894,tail
37,49,2,3,0.03152617881742117,-0.6304039299488068,-0.8171506404876709,0.5497265632438939,,0.015763089408710584,tail
38,49,5,3,7.645413876389285e-06,-0.20945277214050292,-0.39724123775959014,0.3500612251460552,,3.8227069381946425e-06,tail
44,49,6,3,0.025364826258737594,-0.21188260316848756,-0.8297832489013672,0.2663093037903309,,0.012682413129368797,tail
48,49,5,3,0.008826973299801467,-0.3269426591694355,-0.3051834742538631,0.09832500871270895,,0.004413486649900733,tail
0,10,3,0,0.00011555853552636108,-0.3665189027786255,-0.6538017988204956,0.8694179713726043,7.047607214190066e-05,9.301730383413088e-05,beak
0,33,3,2,8.514869132341119e-05,-0.005095434188842773,-0.22986584901809692,0.13912930352671538,0.001308455245452933,0.0006968019683881721,beak
0,35,3,2,2.5739717386841223e-06,-0.005095434188842773,-0.22986584901809692,0.13912930352671538,9.093696294257825e-05,4.675546734063119e-05,beak
0,39,3,0,8.453091795672663e-05,-0.3665189027786255,-0.6538017988204956,0.8694179713726043,1.4462090985034592e-05,4.949650447088061e-05,beak
0,43,3,1,0.00021473571660521885,-0.3346482992172241,-0.399981427192688,0.62216876745224,1.7113506783061893e-05,0.00011592461169414036,beak
1,13,3,0,7.277782603978266e-05,-0.02616063356399536,-0.46559683084487913,0.6190048702061176,0.0003977328204200603,0.00023525532322992148,beak
1,15,3,1,8.661333072268463e-06,-0.0018409967422485351,-0.1992849349975586,0.3540754136745818,0.00025897073646774516,0.00013381603477000681,beak
1,46,3,0,0.000570315827462764,-0.02616063356399536,-0.46559683084487913,0.6190048702061176,0.003343426971696317,0.0019568713995795407,beak
1,48,3,0,0.0012253119715751382,-0.02616063356399536,-0.46559683084487913,0.6190048702061176,0.001160906977020204,0.0011931094742976712,beak
2,10,1,0,0.24585205069743096,-0.45642378330230715,-0.8450399994850158,0.7344779625535012,0.28608731627464296,0.26596968348603695,beak
2,11,1,3,7.531321680289693e-05,-0.07886649370193481,-0.8288450121879578,0.9355813503265381,0.000928972919507487,0.0005021430681551919,beak
2,21,1,0,0.003449518446723232,-0.45642378330230715,-0.8450399994850158,0.7344779625535012,0.0013791127072181552,0.0024143155769706937,beak
2,27,1,0,0.09360282041598111,-0.45642378330230715,-0.8450399994850158,0.7344779625535012,0.07517765401862561,0.08439023721730336,beak
2,28,1,0,0.0007754526144708507,-0.45642378330230715,-0.8450399994850158,0.7344779625535012,0.0019333485040988307,0.0013544005592848406,beak
2,32,1,0,0.020175080571789294,-0.45642378330230715,-0.8450399994850158,0.7344779625535012,0.007829350838437676,0.014002215705113485,beak
2,37,1,2,1.2395339123116856e-06,-0.11777154207229615,-0.7573237776756286,0.09568842595035676,0.0009189442989736563,0.000460091916442984,beak
2,38,1,0,7.930392234811734e-06,-0.45642378330230715,-0.8450399994850158,0.7344779625535012,5.876747354705003e-06,6.903569794758368e-06,beak
3,6,0,2,0.0011463554445072077,-0.00021831393241882323,-0.5387025475502014,0.26402795389294625,0.00023893456818768755,0.0006926450063474476,beak
3,35,0,2,1.3443885336528183e-05,-0.00021831393241882323,-0.5387025475502014,0.26402795389294625,3.497087471373561e-05,2.4207380025131898e-05,beak
4,9,1,3,0.11012726360931993,-0.43668426275253297,-0.9776073932647705,0.9051307797431946,0.006225085869664327,0.05817617473949213,beak
4,29,1,0,0.0002312631111749397,-0.5873565793037414,-0.9357889652252197,0.8305767238140106,0.00045805213594576346,0.0003446576235603516,beak
4,33,1,2,0.03539575694594532,-0.34277671575546265,-0.9570826530456543,0.20455656116349416,0.1589456794783473,0.09717071821214632,beak
4,37,1,2,0.001807518155692378,-0.34277671575546265,-0.9570826530456543,0.20455656116349416,0.03972525367571507,0.020766385915703723,beak
5,7,2,3,2.7894589834431826e-06,-0.1832483410835266,-0.7633754968643188,0.8095089733600617,1.0526234063235052e-05,6.657846523339118e-06,beak
5,29,2,0,6.2981407523921e-06,-0.1540197491645813,-0.6017859548330307,0.5314669340848923,3.3802393772930373e-06,4.839190064842569e-06,beak
5,39,2,0,1.066292401787905e-05,-0.1540197491645813,-0.6017859548330307,0.5314669340848923,3.5347065079349704e-06,7.09881526290701e-06,beak
6,7,2,3,0.0001413451995176729,-0.017844152450561524,-0.8204505920410157,0.8463594794273377,0.0010344103169700248,0.0005878777582438489,beak
6,13,2,0,0.00043933921697316693,-0.005799055099487305,-0.2871013402938843,0.5654335092753172,0.0023404607880365804,0.0013899000025048736,beak
6,17,2,0,0.0024973761872388424,-0.005799055099487305,-0.2871013402938843,0.5654335092753172,0.02027154185489053,0.011384459021064686,beak
6,19,2,1,0.0006515601387945935,-0.183897066116333,-0.7978495836257935,0.7480317702516913,9.792999367164157e-05,0.0003747450662331175,beak
6,22,2,0,3.2451619432549705e-06,-0.005799055099487305,-0.2871013402938843,0.5654335092753172,0.0028516080105305264,0.0014274265862368907,beak
6,27,2,0,5.7257734260929284e-05,-0.005799055099487305,-0.2871013402938843,0.5654335092753172,2.8957392919437554e-05,4.310756359018342e-05,beak
6,32,2,0,9.676916288299253e-05,-0.005799055099487305,-0.2871013402938843,0.5654335092753172,1.1115307160025622e-06,4.894034679949755e-05,beak
6,47,2,1,2.752342500116356e-05,-0.183897066116333,-0.7978495836257935,0.7480317702516913,3.74153554730583e-05,3.2469390237110926e-05,beak
7,29,3,0,0.0010809444167534821,-0.40709853172302246,-0.9188281416893005,0.9641825795173645,0.0003426319770369446,0.0007117881968952133,beak
7,33,3,2,0.0001108385612454299,-0.10838580131530762,-0.27596858739852903,0.33059127554297446,0.0002799986832542345,0.0001954186222498322,beak
7,44,3,1,0.0050606668228283525,-0.3034369945526123,-0.9155518531799316,0.9281264781951905,0.0021933161944616584,0.0036269915086450054,beak
7,48,3,0,2.0160025343329835e-05,-0.40709853172302246,-0.9188281416893005,0.9641825795173645,2.7295749168843032e-05,2.3727887256086434e-05,beak
8,35,0,2,0.003435883206111612,-0.07073801755905151,-0.6913816213607789,0.38720251694321633,0.03276441200869158,0.018100147607401598,beak
8,41,0,1,4.892034456815963e-06,-0.10535967350006104,-0.876127564907074,0.4344146650284529,9.122453775489703e-05,4.8058286105856494e-05,beak
10,23,0,1,0.00037180612562224267,-0.6492025971412658,-0.9263180375099183,0.9789080381393432,0.012673367949901149,0.0065225870377616955,beak
10,35,0,2,9.631633838580456e-06,0.0015061616897583008,-0.5432056188583374,0.023865535125514724,0.0004608074980296806,0.0002352195659341305,beak
10,41,0,1,6.176766783028143e-06,-0.6492025971412658,-0.9263180375099183,0.9789080381393432,3.013061841556919e-05,1.8153692599298667e-05,beak
11,17,3,0,6.0477480360532354e-05,-0.6261763036251068,-0.7542171001434326,0.8773032426834106,0.0007385763765341835,0.00039952692844735793,beak
11,22,3,0,3.4278615521543544e-05,-0.6261763036251068,-0.7542171001434326,0.8773032426834106,0.0006357316087814979,0.00033500511215152075,beak
11,25,3,0,0.5599034547805786,-0.6261763036251068,-0.7542171001434326,0.8773032426834106,0.6771211385726928,0.6185122966766357,beak
11,28,3,0,9.794959610189835e-05,-0.6261763036251068,-0.7542171001434326,0.8773032426834106,1.2910076711136753e-05,5.5429836406517547e-05,beak
11,35,3,2,0.0003336044322509224,-0.10971541404724121,-0.290479576587677,0.1031328592900536,0.004040097375400365,0.0021868509038256434,beak
11,47,3,1,0.009251251593377674,-0.35142037868499754,-0.5270374655723572,0.5804510414600372,0.0030661432952911126,0.006158697444334393,beak
12,13,3,0,0.002372936860047048,-0.10903797149658204,-0.6964994430541992,0.8101078473031521,0.0654481090605259,0.033910522960286474,beak
13,37,0,2,3.635717548604589e-05,-0.02370363473892212,-0.3707448601722717,0.2472690806724131,0.0009000165896395629,0.0004681868825628044,beak
13,42,0,3,8.849580353853526e-05,-0.13595041036605834,-0.952301847934723,0.8635948181152344,0.000141513115613634,0.00011500445957608463,beak
14,39,2,0,6.675181657556095e-06,-0.11691712141036988,-0.39772059917449953,0.6509893823647872,1.490768016765287e-06,4.082974837160691e-06,beak
14,44,2,1,0.0005006121238693595,-0.3199263334274292,-0.9799565672874451,0.8138770624995232,8.522902171534952e-05,0.0002929205727923545,beak
15,16,1,0,5.002420675737085e-06,-0.6633904457092286,-0.9598525047302247,0.9806588649749756,1.3824300799569755e-05,9.41336073765342e-06,beak
17,31,0,3,0.0006042614691978088,-0.3713207483291626,-0.9624147891998291,0.8279163300991058,6.589405784325208e-05,0.0003350777635205304,beak
18,47,0,1,0.053256479650735856,-0.5907896757125854,-0.9534063577651978,0.9565228939056396,0.007005962572293356,0.030131221111514606,beak
19,21,1,0,8.07587341114413e-05,-0.23791310787200928,-0.919135308265686,0.6999047636985779,1.000187606905456e-05,4.538030509024793e-05,beak
19,31,1,3,0.06210535615682602,-0.2888123869895935,-0.9455855011940002,0.9780282139778137,0.139807082520565,0.10095621933869552,beak
19,39,1,0,0.0009422529980383842,-0.23791310787200928,-0.919135308265686,0.6999047636985779,1.5940944649628364e-05,0.0004790969713440063,beak
20,23,3,1,0.0003256946729379706,-0.2633378028869629,-0.5675343036651611,0.6878797873854637,3.8012152906219398e-06,0.00016474794411429626,beak
20,44,3,1,0.0009906202443744406,-0.2633378028869629,-0.5675343036651611,0.6878797873854637,0.0006249325080716517,0.0008077763762230462,beak
21,41,0,1,0.0004953671101247892,-0.682226300239563,-0.7709708333015441,0.9121785998344422,0.00020893476612400265,0.00035215093812439595,beak
21,42,0,3,7.522768100898247e-07,-0.09187357425689698,-0.8200866460800171,0.9763244748115539,9.559135230574612e-06,5.155706020332218e-06,beak
22,37,0,2,0.0005490933376677276,-0.1337517559528351,-0.5772910952568054,0.24225428667850793,0.004533168552734423,0.0025411309452010753,beak
22,41,0,1,0.858394455909729,-0.6591668903827668,-0.961122453212738,0.9965995669364929,0.30446703881025317,0.5814307473599911,beak
22,47,0,1,0.0002178208320401609,-0.6591668903827668,-0.961122453212738,0.9965995669364929,0.00037501557453651914,0.00029641820328834,beak
23,32,1,0,5.5440455139432745e-05,-0.19178204536437987,-0.7624961614608765,0.517624931782484,1.5259752274232597e-06,2.8483215183428003e-05,beak
23,46,1,0,5.515053635463118e-06,-0.19178204536437987,-0.7624961614608765,0.517624931782484,0.00038746143045500505,0.0001964882420452341,beak
24,36,0,3,4.688060863884402e-05,0.031415688991546634,-0.7555448055267334,0.8087519153952598,8.363763868146634e-07,2.3858492512829342e-05,beak
24,42,0,3,1.778722613607897e-05,0.031415688991546634,-0.7555448055267334,0.8087519153952598,1.021307040218744e-05,1.4000148269133206e-05,beak
25,35,0,2,0.007444034892978379,-0.15189359188079835,-0.6132032752037049,0.06681246625958011,8.895856210529018e-05,0.0037664967275418348,beak
25,37,0,2,6.715755871482543e-05,-0.15189359188079835,-0.6132032752037049,0.06681246625958011,0.0007743293374005589,0.0004207434480576922,beak
26,35,0,2,0.0002073455343634123,-0.01948513984680176,-0.6447077393531799,0.23347521060495638,0.0004113982342460076,0.00030937188430471,beak
26,47,0,1,1.331960040715785e-05,-0.014982223510742188,-0.7583379745483398,0.2991545360535383,0.002001538782496937,0.0010074291914520474,beak
27,36,0,3,0.00023729234551410626,-0.00779109001159668,-0.44888566732406615,0.30171899771339666,9.531695832265541e-06,0.0001234120206731859,beak
27,45,0,3,6.049682509967624e-06,-0.00779109001159668,-0.44888566732406615,0.30171899771339666,0.001048104954770679,0.0005270773186403233,beak
28,47,0,1,0.0019901207408111075,-0.35908709168434144,-0.7437933325767517,0.6481648474931717,0.03347857996122912,0.01773435035102011,beak
29,34,0,1,0.01242344396887347,-0.25485233068466184,-0.6700156569480896,0.7287073072744533,0.001600343152631467,0.007011893560752469,beak
29,37,0,2,5.225443544532027e-07,-0.07961459159851074,-0.6019057720899582,0.2878553303424269,0.00013059809394917466,6.556031915181393e-05,beak
30,35,0,2,0.0005512718271347694,-0.24451922178268432,-0.8279573678970337,0.3965527728199959,0.00036249677159503333,0.00045688429936490137,beak
31,34,3,1,0.00084146063627486,-0.19924410581588745,-0.5108985781669617,0.35059101739898324,0.0050611369402304264,0.002951298788252643,beak
31,35,3,2,0.00015650055938749575,-0.09157989025115967,-0.4197368621826172,0.4887743219733238,0.002503573220747057,0.0013300368900672765,beak
31,46,3,0,0.0008380905099329538,-0.2334361791610718,-0.7758034005761146,0.6443960177712142,0.002891989868658129,0.0018650401892955416,beak
32,34,0,1,7.27398485764752e-06,-0.07603880167007446,-0.8005302548408508,0.8129071980714798,5.760028783790006e-05,3.243713634777379e-05,beak
32,35,0,2,3.121411259598972e-06,-0.01634049415588379,-0.6400935173034668,0.02484904434531927,1.4401439717914854e-05,8.761425488756914e-06,beak
33,43,2,1,0.0003949642181396484,-0.7871667861938476,-0.9716251492500305,0.9936463594436645,1.9229483586968855e-05,0.00020709685086330864,beak
33,47,2,1,0.27951547391712667,-0.7871667861938476,-0.9716251492500305,0.9936463594436645,0.41247557023889386,0.34599552207801026,beak
34,45,1,3,0.006260799305800901,-0.4006350517272949,-0.5520671248435974,0.7850638329982758,0.0004328309353354598,0.0033468151205681804,beak
34,48,1,0,0.06855918953260698,-0.4773507952690125,-0.7376113116741181,0.714694295823574,0.056521056313067676,0.06254012292283732,beak
37,46,2,0,0.0003566401807660213,-0.13655365109443665,-0.6145802140235901,0.965455150604248,3.202561381954183e-06,0.00017992137107398774,beak
37,47,2,1,0.04870371297001839,-0.2448047637939453,-0.9803202271461486,0.9947573781013489,0.08251011567190289,0.06560691432096064,beak
37,49,2,3,0.0025328545889351517,-0.6389446675777435,-0.9799246788024902,0.9411874175071716,0.00013282057275318949,0.0013328375808441706,beak
38,44,0,1,8.593738821218721e-05,-0.9352626204490662,-0.9874667406082154,0.9914880633354187,0.002468074092757888,0.0012770057404850375,beak
39,45,0,3,0.00017360578349325805,-0.5190708458423614,-0.9889817118644715,0.8314195156097413,1.0476368458967045e-05,9.204107597611255e-05,beak
40,46,3,0,6.267522375935641e-06,-0.10185050964355469,-0.5585850358009339,0.9318823933601379,2.7565146274355358e-05,1.6916334325145498e-05,beak
42,43,3,1,0.0009388100482055961,-0.03385312557220459,-0.3923760175704956,0.5353104531764984,0.00032931802561506627,0.0006340640369103312,beak
43,45,1,3,0.00016319665155606344,-0.5945976734161377,-0.7763138055801392,0.8840674877166748,2.276031673318357e-05,9.297848414462351e-05,beak
43,49,1,3,0.000604935217415914,-0.5945976734161377,-0.7763138055801392,0.8840674877166748,1.3194066703192675e-05,0.0003090646420595533,beak
44,48,1,0,0.00015076054314704378,-0.22491718530654908,-0.723920875787735,0.5713085502386093,0.038166503256070426,0.019158631899608734,beak
0,11,1,0,0.5018137933686375,-0.5333309412002564,-0.7734484314918518,0.7782217502593994,0.650543624162674,0.5761787087656558,eye
0,39,1,2,1.5848237723048442e-05,-0.5677086234092712,-0.7665569424629212,0.7492858354002238,2.5561807888152543e-06,9.202209255931848e-06,eye
0,42,1,2,0.5606196233537049,-0.5677086234092712,-0.7665569424629212,0.7492858354002238,0.6414640851318836,0.6010418542427942,eye
0,45,1,0,0.00033255733378609873,-0.5333309412002564,-0.7734484314918518,0.7782217502593994,0.06875209277131944,0.034542325052552766,eye
0,48,1,0,5.9242668243086886e-06,-0.5333309412002564,-0.7734484314918518,0.7782217502593994,5.556201685976703e-05,3.074314184203786e-05,eye
1,17,1,2,3.0094180822004547e-06,-0.6065397024154663,-0.7871035814285279,0.6896253671497107,0.0003096460015513003,0.00015632770981675038,eye
1,19,1,0,3.295571913497497e-06,-0.6104391574859619,-0.731336796283722,0.6680815409868955,0.00010662662189133698,5.4961096902417234e-05,eye
2,9,2,1,0.00019904188011423684,-0.9411845684051514,-0.9737695574760437,0.9730484962463379,7.158543339755852e-05,0.00013531365675589768,eye
2,11,2,0,2.4675994211520447e-05,-0.22964950799942016,-0.5489855885505677,0.6583974808454514,7.592158872284926e-05,5.029879146718485e-05,eye
2,24,2,0,0.001755579451128142,-0.22964950799942016,-0.5489855885505677,0.6583974808454514,0.004504282190464437,0.0031299308207962894,eye
2,25,2,0,6.052518581327604e-05,-0.22964950799942016,-0.5489855885505677,0.6583974808454514,0.0005603667290415615,0.00031044595742741877,eye
2,37,2,1,3.5826573423491936e-06,-0.9411845684051514,-0.9737695574760437,0.9730484962463379,0.00023950151808094233,0.00012154208771164576,eye
2,47,2,1,0.00024390182825300143,-0.9411845684051514,-0.9737695574760437,0.9730484962463379,0.0013882220329833217,0.0008160619306181616,eye
2,48,2,0,6.4698972806809255e-06,-0.22964950799942016,-0.5489855885505677,0.6583974808454514,1.0895484365391894e-05,8.682690823036409e-06,eye
3,8,2,0,0.00545102339820005,-0.26195002198219297,-0.84591726064682,0.8143954813480377,0.0003932082327082753,0.002922115815454163,eye
3,12,2,0,0.1472821548813954,-0.26195002198219297,-0.84591726064682,0.8143954813480377,0.005169250548351556,0.07622570271487347,eye
3,14,2,1,0.0001777249834049144,-0.3168513774871826,-0.95056711435318,0.929982602596283,9.250502434952069e-05,0.00013511500387721755,eye
3,31,2,0,0.0014662438737332196,-0.26195002198219297,-0.84591726064682,0.8143954813480377,0.00012524056510301306,0.0007957422194181163,eye
4,7,1,2,6.847872359685425e-05,-0.09447113275527955,-0.7894040703773498,0.7990054145455361,2.8523324533580308e-05,4.8501024065217276e-05,eye
4,29,1,2,3.898448994732462e-05,-0.09447113275527955,-0.7894040703773498,0.7990054145455361,0.0003472472890280187,0.00019311588948767167,eye
5,7,1,2,1.675282601354411e-05,-0.5713674545288085,-0.9425368905067444,0.6767658278346061,3.2431676481792236e-05,2.4592251247668172e-05,eye
5,12,1,0,0.0001574409478052985,-0.7803006529808044,-0.9526600360870361,0.8321885526180267,1.084762855327881e-05,8.414428817928866e-05,eye
5,17,1,2,0.0004829380111914361,-0.5713674545288085,-0.9425368905067444,0.6767658278346061,9.861655817076099e-05,0.00029077728468109856,eye
5,18,1,2,0.0006996317957600695,-0.5713674545288085,-0.9425368905067444,0.6767658278346061,0.0009121581679210067,0.000805894981840538,eye
5,30,1,0,0.008439004281535744,-0.7803006529808044,-0.9526600360870361,0.8321885526180267,0.006190031580626964,0.007314517931081354,eye
6,15,2,1,0.004207236604997888,-0.5358884334564209,-0.9324607729911805,0.8016448266804218,0.0006308711774181575,0.0024190538912080227,eye
6,28,2,1,0.002108283193956595,-0.5358884334564209,-0.9324607729911805,0.8016448266804218,0.005225730211532209,0.003667006702744402,eye
6,47,2,1,0.00010811453817041183,-0.5358884334564209,-0.9324607729911805,0.8016448266804218,0.0033839906071079897,0.0017460525726392007,eye
7,11,2,0,0.1036267097108066,-0.4354046583175659,-0.8712232708930969,0.8967406511306762,0.04366012911777943,0.07364341941429302,eye
7,15,2,1,3.71630067490969e-05,-0.7715467691421509,-0.9152673006057739,0.9234631299972534,2.0697139188996515e-05,2.8930072969046708e-05,eye
7,21,2,1,0.001432176260277629,-0.7715467691421509,-0.9152673006057739,0.9234631299972534,0.0004928123932586459,0.0009624943267681374,eye
7,25,2,0,0.0019862921792082487,-0.4354046583175659,-0.8712232708930969,0.8967406511306762,0.00014028548545184095,0.0010632888323300449,eye
7,33,2,1,3.360609293849848e-05,-0.7715467691421509,-0.9152673006057739,0.9234631299972534,0.00012145591172156856,7.753100233003352e-05,eye
7,40,2,1,0.679032301902771,-0.7715467691421509,-0.9152673006057739,0.9234631299972534,0.2052826091647148,0.44215745553374286,eye
8,18,0,2,0.0017651893431320786,-0.07259181737899781,-0.9960442304611206,0.9938394546508789,0.0037257305782986807,0.0027454599607153797,eye
8,47,0,1,0.018696644343435764,-0.09587215185165406,-0.9865702748298645,0.9714169979095459,0.13288469947874545,0.07579067191109061,eye
9,12,1,0,0.0006194616529683117,-0.07443187236785889,-0.902606213092804,0.9190614342689514,2.5767888865857457e-05,0.00032261477091708455,eye
9,24,1,0,0.0016999089566525072,-0.07443187236785889,-0.902606213092804,0.9190614342689514,0.0017099721007980406,0.001704940528725274,eye
9,29,1,2,1.422577518894741e-07,-0.00038769245147705076,-0.6976991772651673,0.6583978533744812,3.298905539850239e-05,1.656565657519593e-05,eye
9,45,1,0,0.01961652562022209,-0.07443187236785889,-0.902606213092804,0.9190614342689514,0.16923913028440438,0.09442782795231323,eye
10,13,0,2,0.0034101631492376326,-0.5070373773574829,-0.981419038772583,0.9971360564231873,0.19462953172624112,0.09901984743773938,eye
11,38,0,1,0.015251558402087539,-0.9187777519226075,-0.8324614882469177,0.9965293169021606,0.02509065717458725,0.020171107788337396,eye
11,42,0,2,0.4557487636804581,-0.5276236772537232,-0.8026057541370392,0.7562031507492065,0.3593158354982734,0.40753229958936577,eye
12,13,0,2,0.003070608325651847,-0.42886010408401487,-0.7759007692337037,0.7678710341453552,0.12073217928409577,0.061901393804873805,eye
12,27,0,2,3.428880780731447e-06,-0.42886010408401487,-0.7759007692337037,0.7678710341453552,1.837887730786747e-05,1.0903879044299457e-05,eye
12,33,0,1,9.64394915214939e-07,-0.6174670457839966,-0.7720918297767639,0.716148332960438,0.0002661425794940442,0.00013355348720462957,eye
12,38,0,1,3.500478199747192e-07,-0.6174670457839966,-0.7720918297767639,0.716148332960438,0.00016364510938728926,8.199757860363199e-05,eye
12,41,0,2,0.001291091048369708,-0.42886010408401487,-0.7759007692337037,0.7678710341453552,0.00015894028674665606,0.0007250156675581821,eye
13,15,2,1,0.0021052743191830813,-0.6247957587242127,-0.9979937553405762,0.9992996215820312,0.0001641117640247103,0.0011346930416038959,eye
13,30,2,0,0.00019039795588469133,-0.3207463264465332,-0.9766278862953186,0.9954355001449585,0.0008371593139600009,0.0005137786349223461,eye
13,31,2,0,0.00042480706761125473,-0.3207463264465332,-0.9766278862953186,0.9954355001449585,9.015166233439231e-05,0.0002574793649728235,eye
13,33,2,1,4.6938371087890116e-05,-0.6247957587242127,-0.9979937553405762,0.9992996215820312,5.995100738687142e-06,2.6466735913288628e-05,eye
15,20,1,2,4.0843155875336376e-05,-0.8615614295005798,-0.9505926847457886,0.9900683164596558,4.433282242644054e-07,2.064324204980039e-05,eye
15,25,1,0,0.0006010050128679723,-0.785323417186737,-0.9771881580352784,0.998318612575531,0.00922520961612463,0.004913107314496301,eye
16,33,2,1,2.5116192055918417e-06,-0.12557704448699952,-0.711505389213562,0.6844210207462311,1.800866938310719e-05,1.0260144294349515e-05,eye
16,40,2,1,0.0002669374035576766,-0.12557704448699952,-0.711505389213562,0.6844210207462311,0.00046641452063340695,0.0003666759620955418,eye
17,19,2,0,1.8349398146710882e-05,-0.8849061369895935,-0.9062158226966858,0.987872052192688,3.744366512137276e-06,1.104688232942408e-05,eye
17,24,2,0,0.8522607922554016,-0.8849061369895935,-0.9062158226966858,0.987872052192688,0.8795180916786194,0.8658894419670105,eye
19,29,0,2,0.0005391280283220112,-0.08862053155899048,-0.7801192849874496,0.6185819625854492,0.00011874912670464254,0.0003289385775133269,eye
20,47,2,1,1.286308361159172e-07,-0.9433288097381591,-0.9928618192672729,0.9542927145957947,8.124190710532276e-05,4.0685268970719335e-05,eye
21,22,1,2,0.003731159431481501,-0.3905107617378235,-0.6891331672668457,0.7881959445774556,0.07122181560844183,0.03747648751996167,eye
21,35,1,0,0.00015908819987089373,-0.381956684589386,-0.698575758934021,0.7505832768976688,0.00010400697519798995,0.00013154758753444184,eye
21,45,1,0,6.072803384427061e-06,-0.381956684589386,-0.698575758934021,0.7505832768976688,8.875017222180759e-05,4.741148780311733e-05,eye
22,30,2,0,0.003548212512396276,-0.17832996249198912,-0.9440982222557068,0.8053783431649209,0.00014528400247399987,0.001846748257435138,eye
23,30,1,0,6.461022593384769e-05,-0.1161004900932312,-0.6399459049105645,0.36822019070386885,6.139302736301034e-05,6.3001626648429e-05,eye
23,46,1,0,2.6197606689493114e-05,-0.1161004900932312,-0.6399459049105645,0.36822019070386885,0.0002959939702122938,0.00016109578845089346,eye
23,48,1,0,9.72810083112563e-05,-0.1161004900932312,-0.6399459049105645,0.36822019070386885,0.0006702517508529127,0.00038376637958208447,eye
24,40,0,1,1.093225027943845e-05,-0.21476357579231262,-0.8906244277954102,0.9261266112327575,1.9329525093780832e-05,1.513088768660964e-05,eye
24,42,0,2,5.461097453007824e-06,-0.8322208285331726,-0.9346312284469604,0.9775265097618103,2.101055957837161e-06,3.7810767054224926e-06,eye
25,27,0,2,0.8418875336647034,-0.8627290010452271,-0.9942199945449829,0.9928152441978455,0.1264336708234623,0.48416060224408286,eye
25,41,0,2,1.2141271145083011e-05,-0.8627290010452271,-0.9942199945449829,0.9928152441978455,0.00014805259803551962,8.009693459030132e-05,eye
26,34,1,0,1.250535822805432e-05,-0.21021877527236937,-0.8689462065696716,0.76068478487432,8.549525482521858e-05,4.900030652663645e-05,eye
26,44,1,2,4.4998611951285735e-06,-0.11187753677368165,-0.8435861825942993,0.7911639329046011,1.1376915176697367e-05,7.93838818591297e-06,eye
26,49,1,0,3.947905399570573e-06,-0.21021877527236937,-0.8689462065696716,0.76068478487432,0.00012814057226933072,6.604423883445065e-05,eye
27,40,2,1,1.627513011044357e-05,-0.4296400249004364,-0.9276092052459717,0.9788990497589112,3.4513621835685625e-05,2.53943759730646e-05,eye
27,46,2,0,0.00012180820721141572,-0.2863593101501465,-0.38096843957901,0.408861802413594,4.566731222439557e-05,8.373775971790565e-05,eye
28,41,1,2,-8.482123735120695e-06,0.056715363264083864,-0.7582688212394715,0.9731607079505921,0.035565584810683504,0.01777855134347419,eye
29,31,2,0,9.04957039438159e-07,-0.8110683917999267,-0.9673397660255432,0.8140521705150604,3.316964796340471e-06,2.110960917889315e-06,eye
29,40,2,1,1.3279884387884523e-05,-0.5408214330673218,-0.9820779681205749,0.7958587624132634,3.90390072197988e-06,8.591892554932202e-06,eye
30,33,0,1,0.0002063645392354374,-0.5976144075393677,-0.788745892047882,0.7992878690361976,3.7307954698917456e-06,0.00010504766735266457,eye
31,38,0,1,0.0006519075074720604,-0.2032526135444641,-0.5234936267137528,0.33047932023182514,0.006027174508199095,0.003339541007835578,eye
31,42,0,2,0.0025716647294757424,-0.020406007766723633,-0.4667269974946976,0.3827917103189975,0.00140299862541724,0.0019873316774464914,eye
31,47,0,1,1.0379460047715838e-05,-0.2032526135444641,-0.5234936267137528,0.33047932023182514,0.0018931743081338937,0.0009517768840908048,eye
33,34,1,0,0.002044395712437108,-0.606619369983673,-0.8186566069722175,0.9987755060195923,5.290598419378511e-05,0.0010486508483154467,eye
34,38,0,1,3.724368507391773e-05,-0.6636167764663696,-0.9830257534980774,0.9719770193099976,0.00013584606931544841,8.654487719468308e-05,eye
34,39,0,2,6.609981628571404e-05,-0.1431794285774231,-0.9151228904724121,0.9544454336166381,0.0021394433962996116,0.0011027716062926628,eye
34,47,0,1,0.001179329672595486,-0.6636167764663696,-0.9830257534980774,0.9719770193099976,0.0006316721715847962,0.0009055009220901411,eye
35,39,0,2,0.0013919847668148577,-0.047812390327453616,-0.9547305345535279,0.8880494594573974,0.0015481676906347274,0.0014700762287247924,eye
35,40,0,1,6.9443659594981e-05,-0.11291470527648925,-0.9834847450256348,0.99800546169281,2.810856278756546e-06,3.612725793686877e-05,eye
37,44,1,2,0.0009627912295400165,-0.3940941333770752,-0.9155240654945374,0.9884313583374024,0.0002011899114222615,0.000581990570481139,eye
37,48,1,0,0.0001937406723300228,-0.10449488162994384,-0.9670066952705383,0.9531622767448426,7.138136579669663e-05,0.0001325610190633597,eye
37,49,1,0,0.0039285723236389455,-0.10449488162994384,-0.9670066952705383,0.9531622767448426,0.004105777959921397,0.004017175141780171,eye
38,45,1,0,0.005646675139723811,-0.616886556148529,-0.996048903465271,0.9979490041732788,0.037866251534069306,0.02175646333689656,eye
39,47,2,1,3.111076988489003e-05,-0.7480689525604248,-0.9867678046226501,0.9980663061141968,5.6189443995435795e-05,4.365010694016291e-05,eye
40,44,1,2,1.5613992536600564e-05,-0.23393300771713257,-0.7303206264972687,0.660066794604063,0.0003026256759767421,0.00015911983425667133,eye
41,48,2,0,1.3900977073433296e-05,-0.096274733543396,-0.5417306184768677,0.4804284989833832,8.197932561415656e-06,1.1049454817424476e-05,eye
42,48,2,0,2.2891547722281304e-06,-0.38681347370147706,-0.5548218846321106,0.8457172095775605,2.2538289567819447e-05,1.2413722170023788e-05,eye
43,46,2,0,0.00018459861180541992,-0.039873933792114256,-0.27758010625839236,0.20787130850367247,2.839120861608535e-06,9.371886633351423e-05,eye
43,49,2,0,0.0002011555842841517,-0.039873933792114256,-0.27758010625839236,0.20787130850367247,9.91982140590153e-06,0.00010553770284502661,eye
44,48,2,0,8.440021738351789e-05,-0.5048819422721863,-0.7922581553459167,0.6843880765140057,0.000589884864166379,0.00033714254077494844,eye
0,9,4,5,0.13251362293958663,-0.35857765674591063,-0.884624183177948,0.9770654559135437,0.0011643349891528488,0.06683897896436974,wing
0,30,4,2,0.1983569636940956,-0.4660724997520447,-0.8920207381248474,0.9972618699073792,0.026079806312918664,0.11221838500350714,wing
0,32,4,1,0.025520274532027543,-0.2740435481071472,-0.8916093230247497,0.8502538919448852,0.0006405513217032421,0.013080412926865393,wing
0,35,4,0,0.00033179165911860763,-0.4407720923423767,-0.891558039188385,0.9857528924942016,4.3071820437035056e-05,0.00018743173977782133,wing
0,38,4,5,0.15260174144059419,-0.35857765674591063,-0.884624183177948,0.9770654559135437,0.17175567504018546,0.16217870824038982,wing
1,6,2,3,0.0008253642779209258,-0.24030178785324097,-0.9001323342323303,0.763497868180275,0.00011855188336085121,0.0004719580806408885,wing
1,8,2,4,3.1188588786790204e-05,-0.8688733220100403,-0.9980897068977356,0.9359287142753601,6.2569865349360045e-06,1.8722787660863106e-05,wing
1,41,2,5,0.037393509887624535,-0.7640649557113648,-0.9967843294143677,0.7602664500474929,0.023402771353721617,0.030398140620673076,wing
2,5,1,3,0.00020061836039531045,-0.2697851538658142,-0.9419217109680176,0.8405605792999268,0.0007977944042067975,0.000499206382301054,wing
2,6,1,3,0.08207444865256548,-0.2697851538658142,-0.9419217109680176,0.8405605792999268,0.20710801891982555,0.1445912337861955,wing
2,17,1,0,0.1792188949882984,-0.19610898494720458,-0.9131194829940796,0.9193228244781494,0.03992705060809385,0.10957297279819612,wing
2,23,1,3,0.1931961238384247,-0.2697851538658142,-0.9419217109680176,0.8405605792999268,0.1371038667857647,0.16514999531209468,wing
2,24,1,0,0.007498202210990712,-0.19610898494720458,-0.9131194829940796,0.9193228244781494,0.0036972338071791454,0.005597718009084929,wing
2,29,1,2,0.0004469677165616304,-0.4398312449455261,-0.9425087690353393,0.9853268980979919,0.00727410854306072,0.0038605381298111754,wing
2,34,1,2,0.43063410818576814,-0.4398312449455261,-0.9425087690353393,0.9853268980979919,0.10895768646150827,0.2697958973236382,wing
2,35,1,0,9.794971201699809e-05,-0.19610898494720458,-0.9131194829940796,0.9193228244781494,0.00023416674112013424,0.00016605822656856617,wing
3,16,5,0,0.5051525691524148,-0.8171923279762268,-0.8786318182945252,0.9458487272262573,0.2894115447998047,0.39728205697610974,wing
3,34,5,2,8.641807580715977e-05,-0.7338889479637146,-0.8788351833820343,0.9909556388854981,0.0007030489912722259,0.00039473353353969287,wing
4,11,5,4,0.018867696134839206,-0.22972533702850342,-0.8692888438701629,0.646587086468935,0.005724179046228528,0.012295937590533866,wing
4,15,5,1,0.315551482886076,-0.4836189866065979,-0.9273356318473815,0.9520806312561035,0.029939887579530478,0.17274568523280323,wing
4,18,5,2,0.0001146830933066667,-0.516098952293396,-0.9361190795898438,0.8729206800460816,0.00029654310674231965,0.0002056131000244932,wing
5,12,3,2,0.0003416264793486334,-0.7357398390769958,-0.99967440366745,0.9983134865760803,0.00023381457722280175,0.00028772052828571757,wing
5,20,3,2,0.00039425395571015545,-0.7357398390769958,-0.99967440366745,0.9983134865760803,0.0003855982220940746,0.000389926088902115,wing
5,33,3,5,0.03470308139221743,-0.9431747317314148,-0.9994142651557922,0.9999548554420471,0.46202958226203916,0.2483663318271283,wing
5,39,3,1,0.0016953586564341094,-0.8690558791160583,-0.9715371012687684,0.9999687433242798,0.00016281795469694771,0.0009290883055655286,wing
5,42,3,4,0.008890559058636427,-0.9603723287582397,-0.9998971223831177,0.9997449398040772,0.005878302874043584,0.007384430966340005,wing
5,44,3,5,6.032923338352703e-05,-0.9431747317314148,-0.9994142651557922,0.9999548554420471,0.0005205658988415962,0.0002904475661125616,wing
5,47,3,4,0.0009394883360073436,-0.9603723287582397,-0.9998971223831177,0.9997449398040772,0.015388169884681701,0.008163829110344523,wing
6,9,3,5,0.14623443489836063,-0.4322060465812683,-0.6278757572174072,0.8358721524477005,0.004773257113993168,0.0755038460061769,wing
6,14,3,2,0.0005635505964164622,-0.18059927225112915,-0.7247665286064148,0.9922339797019959,0.004624506246182136,0.0025940284212992992,wing
6,28,3,5,0.10996409757644869,-0.4322060465812683,-0.6278757572174072,0.8358721524477005,0.013176004483830184,0.06157005103013944,wing
6,49,3,4,0.00031713005838511775,-0.28999990224838257,-0.8221727132797241,0.5140910614281893,0.0006932830736332107,0.0005052065660091642,wing
7,20,4,2,0.8670616030693055,-0.9573855996131897,-0.9670668482780457,0.9366378545761108,0.974113655090332,0.9205876290798187,wing
7,23,4,3,0.002066015384389175,-0.6880140662193298,-0.9692095994949341,0.7360406541381963,0.00013508680394807014,0.0011005510941686225,wing
7,36,4,2,0.02267104424536228,-0.9573855996131897,-0.9670668482780457,0.9366378545761108,0.028408241271972657,0.02553964275866747,wing
7,43,4,1,0.08431184571236372,-0.6454663753509522,-0.9677393555641174,0.9936660885810852,0.35025928616523744,0.21728556593880058,wing
9,15,5,1,0.23891016840934753,-0.3379425287246704,-0.9988135933876038,0.9988281488418579,0.45602488815784453,0.34746752828359606,wing
9,19,5,3,2.6546575463726184e-05,-0.678656816482544,-0.9988430142402649,0.9994608283042907,0.00038777794979978354,0.00020716226263175485,wing
9,24,5,0,0.009368600882589817,-0.08972406387329102,-0.9987005949020386,0.9844026207923889,0.036902865907177326,0.023135733394883572,wing
9,37,5,4,5.7845466653816405e-05,-0.05816075801849365,-0.9970929265022278,0.1613762814551592,0.0009517114638583734,0.0005047784652560949,wing
9,43,5,1,1.953822575160302e-05,-0.3379425287246704,-0.9988135933876038,0.9988281488418579,6.957692712603603e-05,4.455757643881953e-05,wing
9,48,5,2,0.00047789179952815173,-0.039794397354125974,-0.9988522291183471,0.9600120902061462,0.000163598157450906,0.00032074497848952885,wing
10,12,1,2,0.004686303320340812,-0.6179699897766113,-0.9985812306404114,0.9797585964202881,4.583613554132171e-05,0.002366069727941067,wing
10,20,1,2,9.118643865804187e-05,-0.6179699897766113,-0.9985812306404114,0.9797585964202881,0.0001810194949939614,0.00013610296682600164,wing
10,30,1,2,0.0704079382121563,-0.6179699897766113,-0.9985812306404114,0.9797585964202881,0.13101753746159375,0.10071273783687502,wing
10,33,1,5,0.0002572066368884407,-0.6449812650680542,-0.9980607032775879,0.9846188306808472,0.0004620263411197811,0.0003596164890041109,wing
11,39,4,1,0.0013622055535961407,-0.6062806606292724,-0.8700814604759216,0.8463204860687256,2.1992421216054937e-05,0.0006920989874060978,wing
11,44,4,5,7.472200959455222e-05,-0.3921849846839905,-0.859354829788208,0.9824270129203796,0.0003342885945414764,0.00020450530206801433,wing
12,43,2,1,0.00014149702328722925,-0.21149507761001587,-0.9996220350265503,0.9974146366119385,0.04010840486735105,0.02012495094531914,wing
13,14,1,2,3.4027813308057374e-05,-0.863537609577179,-0.9995320796966553,0.9996326804161072,0.00032546359834668693,0.00017974570582737214,wing
13,22,1,5,0.01675066202878952,-0.960572075843811,-0.9982873201370239,0.9958706021308898,0.25306743681430816,0.13490904942154883,wing
14,44,2,5,0.0010431380735099083,-0.8729501485824585,-0.9968282461166382,0.8466211646795273,0.00036420032338355666,0.0007036691984467324,wing
15,49,1,4,0.006769509382138494,-0.21894593238830568,-0.8661487221717834,0.21066207885742189,0.0006376899335009511,0.003703599657819723,wing
16,28,0,5,0.0008322225825395435,-0.944280469417572,-0.9979216456413269,0.9895142793655396,0.0006497837719507515,0.0007410031772451474,wing
16,36,0,2,0.003062133176717907,-0.8512373208999634,-0.9907241225242615,0.9997839212417603,0.011235151146684075,0.007148642161700991,wing
16,45,0,5,0.00013586913419203484,-0.944280469417572,-0.9979216456413269,0.9895142793655396,0.0012810606509447097,0.0007084648925683723,wing
17,32,0,1,0.007005956054126727,-0.5128778696060181,-0.8351240515708923,0.7950753681361675,0.006090812367619947,0.006548384210873337,wing
17,45,0,5,8.267197517852765e-05,-0.6669209718704223,-0.9703726887702941,0.8023432759568095,7.485428068321198e-05,7.876312793086981e-05,wing
17,46,0,2,5.0326339624007234e-05,-0.12175981998443604,-0.9655904412269593,0.7896187424659729,0.0032318699057213964,0.0016410981226727018,wing
18,28,2,5,0.007104865438304841,-0.712804090976715,-0.9970935702323913,0.9473631262779236,0.0018970314602483995,0.0045009484492766205,wing
18,32,2,1,0.005675231199711561,-0.7328335285186768,-0.9970051169395446,0.9928489685058594,0.03370053134858608,0.019687881274148823,wing
19,21,3,1,0.00024018675576371608,-0.32342392206192017,-0.8294369459152222,0.9702629685401917,3.3113936569506566e-05,0.00013665034616661131,wing
19,33,3,5,0.005857616622233763,-0.5643487930297851,-0.9950846791267395,0.9978814840316772,0.15412121638655663,0.0799894165043952,wing
19,40,3,4,0.0015989310049917549,-0.9154471755027771,-0.9980019927024841,0.9850432991981506,0.000562640779025969,0.001080785892008862,wing
20,26,2,0,0.0002561914618127048,-0.6717353463172913,-0.9938403606414795,0.941476047039032,3.187895908922656e-05,0.00014403521045096567,wing
20,42,2,4,0.007269151043146849,-0.9461478352546692,-0.9919605135917664,0.9831032514572143,0.22299544811248778,0.11513229957781732,wing
21,25,1,4,0.007489360077306629,-0.4464482307434082,-0.7333828806877136,0.9367997884750366,0.002717728307470679,0.005103544192388653,wing
21,33,1,5,0.000985521098755271,-0.20916029214859008,-0.5383107662200928,0.5772063998505473,0.011850844297441654,0.006418182698098462,wing
22,31,5,3,0.00035493177456373813,-0.4193120837211609,-0.9981650352478028,0.953173017501831,0.00036870706671834343,0.00036181942064104076,wing
22,36,5,2,0.0007840353820938617,-0.6363417625427246,-0.9986282467842102,0.9997715592384339,0.0013846772722899913,0.0010843563271919266,wing
22,40,5,4,0.0020684365066699685,-0.5678616881370544,-0.9961881995201111,0.9760855793952942,0.002451718598695152,0.0022600775526825604,wing
23,29,3,2,0.00023031805469315715,-0.4816509783267975,-0.9726267337799073,0.7850314125418663,0.00024318650177974633,0.00023675227823645174,wing
23,44,3,5,0.0012827884231228382,-0.847342848777771,-0.9863668441772461,0.9791667222976684,0.0031445452259504236,0.002213666824536631,wing
24,27,0,1,0.001612252788618207,-0.9018357276916504,-0.9177095293998718,0.865958034992218,0.008205857314169406,0.004909055051393807,wing
24,31,0,3,0.0009019767370773479,-0.891830849647522,-0.9376111388206482,0.9574101448059082,0.025430596018850338,0.013166286377963844,wing
24,32,0,1,2.433335776004242e-05,-0.9018357276916504,-0.9177095293998718,0.865958034992218,0.00018972101379404193,0.00010702718577704218,wing
25,27,4,1,0.41886959969997406,-0.7361242294311523,-0.794983622431755,0.8408927202224732,0.3054171293973923,0.3621433645486832,wing
25,31,4,3,0.1982888337224722,-0.8147528886795044,-0.7966741710901261,0.9314557909965515,0.14783669374883174,0.17306276373565196,wing
25,44,4,5,4.9022169332602064e-05,-0.20022321939468385,-0.7494396865367889,0.6591765493154526,0.00011274486901413638,8.088351917336922e-05,wing
27,37,1,4,0.0001317831607593689,-0.3766913294792175,-0.8374830961227417,0.9651445508003235,0.0001401141887981794,0.00013594867477877414,wing
27,38,1,5,0.33519201204180715,-0.5994775772094727,-0.6912299752235412,0.9947582721710205,0.2497656460851431,0.2924788290634751,wing
27,41,1,5,0.001217858839663677,-0.5994775772094727,-0.6912299752235412,0.9947582721710205,0.0015764328360091894,0.0013971458378364333,wing
28,47,5,4,0.0006234451510863437,-0.02454970180988312,-0.7891942381858825,0.1152329595759511,0.02023468504776247,0.010429065099424407,wing
29,33,2,5,0.0115249153226614,-0.7779942989349365,-0.9994038224220276,0.9991574764251709,0.032264575269073247,0.021894745295867324,wing
30,31,2,3,0.04607523485319689,-0.25824202299118043,-0.6639893412590027,0.7661728903651237,0.20579286025604232,0.1259340475546196,wing
30,41,2,5,4.1856040525090066e-05,-0.7656320214271546,-0.9962767720222473,0.7660018718801439,0.00047864647640381006,0.00026025125846445006,wing
31,32,3,1,0.12251134261905464,-0.39643536806106566,-0.9363853931427002,0.8114091828465462,0.04369279402308166,0.08310206832106815,wing
31,37,3,4,0.0013748660843702965,-0.7332970976829529,-0.9982444882392884,0.8667361378669739,0.00046015144616831096,0.0009175087652693037,wing
31,40,3,4,0.0016372010344639421,-0.7332970976829529,-0.9982444882392884,0.8667361378669739,0.007323639770038426,0.004480420402251184,wing
32,40,1,4,1.164362097938465e-05,-0.3379216194152832,-0.8867345571517944,0.512263560295105,1.4895280082782847e-05,1.3269450531083748e-05,wing
32,48,1,2,0.00011153521918458865,-0.5907922148704529,-0.9919370293617249,0.9996054410934448,0.0006882759735162836,0.0003999055963504361,wing
35,41,0,5,4.04665951464267e-05,-0.757619297504425,-0.9930744886398315,0.9004040360450745,0.0014864392083836719,0.0007634529017650493,wing
38,39,5,1,0.0004079794598510489,-0.9412806510925293,-0.969477903842926,0.9949259877204895,0.00035965169663541017,0.00038381557824322953,wing
38,49,5,4,0.00013342052816369687,-0.44957958459854125,-0.9579596877098083,0.9444602608680726,6.833835343513783e-05,0.00010087944079941735,wing
40,41,4,5,0.0032168229648959824,-0.3510535717010498,-0.8879543304443359,0.5930960386991501,0.0025634374527726323,0.0028901302088343074,wing
42,45,4,5,0.0008676934463437647,-0.040960395336151124,-0.9606924295425415,0.9692735552787781,0.0018694055848754942,0.0013685495156096294,wing
43,46,1,2,0.0011161802744027228,-0.7344274520874023,-0.997118353843689,0.9983247995376587,0.00016704087975085712,0.0006416105770767899,wing
43,49,1,4,0.00013646838197018952,-0.6394701838493347,-0.9880560398101806,0.9692314863204956,4.563540569506586e-05,9.105189383262768e-05,wing
44,49,5,4,0.030573549606560845,-0.1762834072113037,-0.7967552900314331,0.7224584341049194,0.0004555559775326401,0.015514552792046743,wing
48,49,2,4,0.2262244954239577,-0.41642887741327284,-0.9992038011550903,0.9983536124229431,0.20898456312716007,0.2176045292755589,wing
0,9,0,1,0.6275237709283829,-0.7390872716903687,-0.9865049719810486,0.9968347907066345,0.039978573098778725,0.3337511720135808,foot
0,36,0,3,0.002807940379716456,-0.7638652086257934,-0.9918284773826599,0.9773912906646729,0.003103076323168352,0.0029555083514424037,foot
0,39,0,2,2.6916504464225e-05,-0.9368730783462524,-0.9951100587844849,0.9718855142593383,5.29994231328601e-06,1.6108223388755504e-05,foot
0,43,0,2,3.690327696403983e-05,-0.9368730783462524,-0.9951100587844849,0.9718855142593383,0.0002525082894862862,0.00014470578322516302,foot
0,45,0,3,0.005204347823746502,-0.7638652086257934,-0.9918284773826599,0.9773912906646729,0.022433494590222834,0.013818921206984669,foot
1,11,2,0,0.0005119126872159541,-0.8074472784996033,-0.9825485467910766,0.9997893691062927,0.0006464369485911448,0.0005791748179035494,foot
1,15,2,1,0.0014622739487094804,-0.18508342504501343,-0.7272927761077881,0.9790711402893066,6.95606388262604e-05,0.0007659172937678703,foot
1,49,2,3,0.000625293795565085,-0.26765167713165283,-0.8302437901496887,0.8898524522781373,0.00032671001681592313,0.0004760019061905041,foot
2,4,1,0,0.006986631359905004,-0.4571904897689819,-0.9586668968200683,0.9976734519004822,0.002579161780886352,0.004782896570395679,foot
2,14,1,0,0.00025439031596761195,-0.4571904897689819,-0.9586668968200683,0.9976734519004822,0.0005389118479797617,0.0003966510819736868,foot
2,16,1,2,0.00016971167269730358,-0.631738805770874,-0.8711826920509338,0.6310426473617554,0.0028623542049899696,0.0015160329388436366,foot
2,27,1,0,0.043637045100331305,-0.4571904897689819,-0.9586668968200683,0.9976734519004822,0.06500067710876464,0.05431886110454798,foot
2,33,1,3,6.255266780499368e-05,-0.6137038826942444,-0.9872132897377014,0.9689564824104309,0.0001074127427273197,8.49827052661567e-05,foot
2,35,1,3,0.00025413529510842636,-0.6137038826942444,-0.9872132897377014,0.9689564824104309,0.0002836345724062994,0.0002688849337573629,foot
2,39,1,2,0.0058173540281131865,-0.631738805770874,-0.8711826920509338,0.6310426473617554,0.06272383034229279,0.03427059218520299,foot
2,43,1,2,0.6073506981134414,-0.631738805770874,-0.8711826920509338,0.6310426473617554,0.7123879119753838,0.6598693050444127,foot
2,44,1,3,0.1838180676102638,-0.6137038826942444,-0.9872132897377014,0.9689564824104309,0.2254287379793823,0.20462340279482305,foot
3,9,2,1,0.00545693738386035,-0.3738882660865784,-0.9707030177116394,0.9629241347312927,0.0007568561228254112,0.0031068967533428807,foot
3,28,2,1,0.27733242958784105,-0.3738882660865784,-0.9707030177116394,0.9629241347312927,0.018809820816932186,0.1480711252023866,foot
3,48,2,3,0.0005679080728441477,-0.31580734848976133,-0.9759539484977722,0.9952174305915833,0.0004103708950424334,0.0004891394839432906,foot
4,23,0,1,0.04530504085123539,-0.5041484236717224,-0.9972519636154175,0.9664297819137573,0.011988138779997826,0.02864658981561661,foot
4,33,0,3,0.07945060301572085,-0.46886109113693236,-0.9981127381324768,0.9962381958961487,0.22794243395328523,0.15369651848450305,foot
4,36,0,3,0.001266701566419215,-0.46886109113693236,-0.9981127381324768,0.9962381958961487,0.00013563551256083882,0.0007011685394900269,foot
5,29,0,3,0.0036945777654182168,-0.6868930697441101,-0.999589490890503,0.9998135328292846,0.0004316058242693543,0.0020630917948437854,foot
5,40,0,2,0.22869409406266641,-0.48657406568527223,-0.965093994140625,0.7957933315978153,0.027882834717456718,0.12828846439006156,foot
6,11,1,0,4.003126482530206e-05,-0.37719686031341554,-0.8477219462394714,0.9991948366165161,0.0010765973400339135,0.0005583143024296078,foot
6,19,1,3,0.07431267611682416,-0.5694969892501831,-0.9448296189308166,0.9990203619003296,0.05369400749914348,0.06400334180798381,foot
6,22,1,2,0.0012112959870137275,-0.17766445875167847,-0.6291315793991089,0.7972897046245635,0.0004659065540181473,0.0008386012705159374,foot
6,26,1,0,1.1986051868007053e-05,-0.37719686031341554,-0.8477219462394714,0.9991948366165161,4.473973403946729e-05,2.836289295373717e-05,foot
6,30,1,0,0.00028407982281350994,-0.37719686031341554,-0.8477219462394714,0.9991948366165161,0.0016836732436786405,0.0009838765332460752,foot
6,36,1,3,0.18037111461162567,-0.5694969892501831,-0.9448296189308166,0.9990203619003296,0.22354153394699097,0.20195632427930832,foot
6,41,1,2,0.0016469935380655442,-0.17766445875167847,-0.6291315793991089,0.7972897046245635,0.03508060313761234,0.01836379833783894,foot
7,11,2,0,0.007516713533550501,-0.97470144033432,-0.9963593244552612,0.9978076696395874,0.011463992641074583,0.009490353087312543,foot
7,38,2,0,7.23508783721627e-05,-0.97470144033432,-0.9963593244552612,0.9978076696395874,0.00042176831630058587,0.00024705959733637426,foot
7,45,2,3,0.004166149883531034,-0.4776955246925354,-0.9521818161010742,0.9817222714424133,0.00785263701400254,0.006009393448766787,foot
8,12,3,2,0.0006197598588187248,-0.299365496635437,-0.9844895720481872,0.9994402527809143,0.00013560677907662467,0.0003776833189476747,foot
8,15,3,1,5.7548508630134164e-05,-0.17677266597747804,-0.9964506506919861,0.9987616896629333,3.5961019602837044e-05,4.67547641164856e-05,foot
8,30,3,0,0.0018305561825400218,-0.8673717617988587,-0.987400484085083,0.993688440322876,0.001424024539301172,0.0016272903609205968,foot
8,37,3,2,0.013075344823300838,-0.299365496635437,-0.9844895720481872,0.9994402527809143,0.001998671745241154,0.007537008284270996,foot
10,16,1,2,0.0008741580022615381,-0.3858830094337463,-0.5848977565765381,0.9756932139396668,0.0012272422085516156,0.0010507001054065768,foot
10,21,1,2,0.31495293974876404,-0.3858830094337463,-0.5848977565765381,0.9756932139396668,0.39101517796516416,0.3529840588569641,foot
10,27,1,0,0.2824951887130737,-0.6307062149047852,-0.6625490546226501,0.9994092583656311,0.4771893799304962,0.37984228432178496,foot
10,40,1,2,5.2884149272358624e-05,-0.3858830094337463,-0.5848977565765381,0.9756932139396668,9.838839869189542e-05,7.563627398212702e-05,foot
10,44,1,3,0.00010321422041670303,-0.3541438698768616,-0.7902101397514343,0.9978631019592286,0.0006542382412590087,0.00037872623083785585,foot
10,47,1,3,0.0002486543829945731,-0.3541438698768616,-0.7902101397514343,0.9978631019592286,0.0005765635344801012,0.00041260895873733715,foot
11,12,0,2,0.010721445939270779,-0.6299549460411071,-0.8265845656394959,0.8078680709004402,0.006750793196260929,0.008736119567765854,foot
11,19,0,3,0.0004760597330459859,-0.745191752910614,-0.8263568043708801,0.7729427620768548,0.0007196503371233121,0.0005978550350846489,foot
11,33,0,3,3.827603204626939e-05,-0.745191752910614,-0.8263568043708801,0.7729427620768548,0.0016981124645099044,0.0008681942482780869,foot
11,35,0,3,0.00012311524878896307,-0.745191752910614,-0.8263568043708801,0.7729427620768548,0.05626785513013601,0.028195485189462487,foot
13,14,2,0,4.3644609286275225e-05,-0.4951809287071228,-0.8852822780609131,0.8839008033275604,1.1607422050019522e-05,2.7626015668147372e-05,foot
13,18,2,3,0.19141107769683002,-0.21803258657455443,-0.8087488949298859,0.7497134085744619,0.08916262611746788,0.14028685190714896,foot
14,18,0,3,0.1000210266560316,-0.7214922785758973,-0.9952263355255127,0.9896259188652039,0.22639269270002843,0.16320685967803,foot
14,23,0,1,0.14400619491934777,-0.7536337971687317,-0.9998169660568237,0.9978612780570983,0.0011850708397105336,0.07259563287952915,foot
14,35,0,3,0.01801862963475287,-0.7214922785758973,-0.9952263355255127,0.9896259188652039,0.0026377512549515814,0.010328190444852225,foot
16,25,2,0,0.00042330481664976105,-0.7556230783462524,-0.9858961582183838,0.9934941172599793,0.0030361880897544326,0.0017297464532020968,foot
17,33,1,3,0.007106358604505658,-0.5227668404579162,-0.9797771334648132,0.9849129438400268,7.278764378497727e-05,0.0035895731241453177,foot
17,43,1,2,0.007205666338268202,-0.7671090245246888,-0.7094972252845764,0.9973597526550293,0.01760418480844237,0.012404925573355286,foot
18,20,3,2,0.024999096989631653,-0.45375308990478513,-0.8958278894424438,0.9401413559913635,0.0046081890817731615,0.014803643035702408,foot
18,30,3,0,0.21142320409417154,-0.5478495717048645,-0.9520384550094605,0.9700595259666442,0.023618922801688313,0.11752106344792992,foot
19,26,3,0,5.4619335924144255e-05,-0.2794182777404785,-0.9232925534248352,0.9925083160400391,6.266153286560439e-05,5.864043439487432e-05,foot
19,42,3,0,0.0003227700268325862,-0.2794182777404785,-0.9232925534248352,0.9925083160400391,4.102489210566773e-06,0.00016343625802157647,foot
19,43,3,2,0.03557952275386924,-0.18727240562438965,-0.8266632556915283,0.3542291180929169,0.007163691701134667,0.021371607227501952,foot
20,34,2,1,0.040304570272564885,-0.4353434324264526,-0.9830092549324035,0.9584185719490051,0.02239436060190201,0.03134946543723345,foot
20,36,2,3,0.6935690224170685,-0.7286313056945801,-0.9152012944221497,0.9854437232017517,0.21595294773578644,0.4547609850764275,foot
21,29,2,3,0.00043358720031392293,-0.13714953660964965,-0.8169300317764282,0.6728535473346711,0.00020791372462554137,0.0003207504624697322,foot
21,44,2,3,1.8155975618583396e-05,-0.13714953660964965,-0.8169300317764282,0.6728535473346711,3.4829733220931305e-05,2.649285441975735e-05,foot
22,24,2,1,0.0004146154999034479,-0.7183208286762237,-0.9298252701759339,0.8547292947769165,0.0003260908418042163,0.0003703531708538321,foot
22,28,2,1,0.9415782928466797,-0.7183208286762237,-0.9298252701759339,0.8547292947769165,0.2042471569016925,0.5729127248741861,foot
22,38,2,0,0.27529521882534025,-0.40966911911964415,-0.9297194242477417,0.9993830442428588,0.1600680763833225,0.21768164760433137,foot
22,44,2,3,0.10631155595183372,-0.22671067118644714,-0.929235577583313,0.9971220374107361,0.02315505638252944,0.06473330616718158,foot
23,32,1,0,0.0008919263273128308,-0.7227809429168701,-0.9798606991767883,0.9987579345703125,7.448672695318237e-05,0.0004832065271330066,foot
23,42,1,0,0.0001382822469167877,-0.7227809429168701,-0.9798606991767883,0.9987579345703125,6.994380255491706e-05,0.00010411302473585239,foot
23,48,1,3,0.0014827200124273078,-0.5691689372062683,-0.982696795463562,0.9952762961387634,0.002373039221856743,0.0019278796171420254,foot
24,31,1,0,0.0008808465066977078,-0.45063827037811277,-0.5706759214401245,0.9980183601379394,0.0004361741095635807,0.0006585103081306442,foot
24,47,1,3,0.00015644637478544609,-0.6218124151229858,-0.7760375022888184,0.9970649123191834,0.0005749963278958603,0.00036572135134065324,foot
25,29,0,3,0.0031993216663977362,-0.9353753447532653,-0.9973970413208008,0.994910728931427,0.00040108046669047327,0.0018002010665441048,foot
25,35,0,3,0.008494279207661748,-0.9353753447532653,-0.9973970413208008,0.994910728931427,0.019407777092419566,0.013951028150040658,foot
25,49,0,3,0.5426497161388397,-0.9353753447532653,-0.9973970413208008,0.994910728931427,0.10430828747339546,0.3234790018061176,foot
26,46,0,3,0.0010724414954893292,-0.13969156742095948,-0.9971585869789124,0.9808719515800476,0.000269835290418996,0.0006711383929541626,foot
27,34,0,1,5.0908262801385716e-05,-0.643383526802063,-0.9989773154258728,0.9801296591758728,4.6131760245771145e-05,4.852001152357843e-05,foot
27,39,0,2,0.17770967036485671,-0.7333240270614624,-0.9937405347824096,0.9941527247428894,0.43786185383796694,0.30778576210141184,foot
27,40,0,2,5.522640822164249e-05,-0.7333240270614624,-0.9937405347824096,0.9941527247428894,3.35230204200343e-05,4.437471432083839e-05,foot
28,39,1,2,0.0017216537659081154,-0.3329509198665619,-0.6558436393737793,0.7790775341913104,0.0017762814939487725,0.001748967629928444,foot
28,43,1,2,0.0006876019032242553,-0.3329509198665619,-0.6558436393737793,0.7790775341913104,6.581694669876015e-05,0.00037670942496150774,foot
29,34,3,1,0.09643136132508516,-0.609483289718628,-0.9900408744812011,0.9933751821517944,0.010534486453980207,0.053482923889532685,foot
31,46,0,3,0.010586220398545265,-0.7569501876831055,-0.9998180150985718,0.998797619342804,0.00030672205321025103,0.005446471225877758,foot
31,47,0,3,0.007034663797821849,-0.7569501876831055,-0.9998180150985718,0.998797619342804,6.576566689773245e-05,0.0035502147323597908,foot
31,49,0,3,0.0703755283728242,-0.7569501876831055,-0.9998180150985718,0.998797619342804,0.0023525777156464755,0.03636405304423534,foot
33,41,3,2,0.03566086480859667,-0.5070453643798828,-0.9986781597137451,0.8297389328479767,7.553271934739314e-05,0.01786819876397203,foot
35,37,3,2,0.008734882017597556,-0.3525086879730225,-0.9933156967163086,0.9971014022827148,0.0054414069280028345,0.007088144472800196,foot
36,43,3,2,3.503089101286605e-05,-0.744590950012207,-0.9566308379173278,0.8726729273796081,0.0030143435797072016,0.0015246872353600338,foot
37,48,2,3,8.183371483028168e-06,-0.6348211765289307,-0.7989982828497887,0.7978921357542277,6.700772689782752e-05,3.759554919042784e-05,foot
38,40,0,2,0.053364147618412974,-0.8521932363510132,-0.9996294498443603,0.9995749473571778,0.019807655792101288,0.036585901705257134,foot
38,48,0,3,0.009951157215982675,-0.7426745295524597,-0.9995112538337707,0.9990397572517395,0.0005656276933223125,0.005258392454652493,foot
39,47,2,3,0.00023669534932651003,-0.07230013012886047,-0.7982847213745117,0.7979301996529102,1.6020458663046355e-05,0.0001263579039947782,foot
40,48,2,3,0.003166533797048032,-0.4803973317146301,-0.9196741461753846,0.9967723608016967,0.0002215795608208282,0.0016940566789344302,foot
41,42,2,0,0.011252615600824356,-0.5639955997467041,-0.7825460568070411,0.9965140581130981,8.558173285564408e-05,0.00566909866684,foot
41,46,2,3,6.306798695732141e-07,-0.8250697731971741,-0.7725505858659745,0.8702552080154419,0.00029718527002842166,0.00014890797494899745,foot
41,49,2,3,9.694892241896014e-07,-0.8250697731971741,-0.7725505858659745,0.8702552080154419,0.00011257522783125751,5.677235852772355e-05,foot
42,46,0,3,7.427353214950472e-06,-0.7826605439186096,-0.9997511625289917,0.8347097188234329,0.0003467362253104511,0.0001770817892627008,foot
