part,image_index,species,variant,concept_index,concept,mechanically_valid,eligible,exclusion_reason,target_pixels_native_11,target_pixels_native_01,target_pixels_native_10,target_pixels_native_00,scientific_target_pixels_identical,changed_pixels_11_01,changed_pixels_10_00,changed_pixels_01_00_other_named_parts,composite_11_vs_native_11_changed_pixels,composite_10_vs_native_10_changed_pixels,composite_11_vs_native_11_rgb_mae,composite_10_vs_native_10_rgb_mae,native_z11,native_z10,composite_minus_native_z11,composite_minus_native_z10,annotation_sha256,z11,render_sha256_11,z01,render_sha256_01,z10,render_sha256_10,z00,render_sha256_00,part_response_with_context,part_response_without_context,context_evidence_with_part,context_evidence_without_part,interaction
tail,70,7,0,11,tail_0,False,False,target_not_visible_in_native_11;11_to_01_did_not_change_rgb;10_to_00_did_not_change_rgb,0,0,3,0,True,0,0,1995,0,13,3.0517578125e-05,0.0058949789963662624,0.051333844661712646,-0.6868410110473633,-0.00022608041763305664,-5.291975021362305,bba7536e102e9c74,0.05110776424407959,fe0b4b3baa8e1621acc03f4ed16bcbbed9dc6f06d7c5bc791e95b08a9e1720b9,0.05110776424407959,fe0b4b3baa8e1621acc03f4ed16bcbbed9dc6f06d7c5bc791e95b08a9e1720b9,-5.978816032409668,e0757146080d4fd5e4a71eb7795865e9862559ecb19e1e6ebe37e5ca8443743a,-5.978816032409668,e0757146080d4fd5e4a71eb7795865e9862559ecb19e1e6ebe37e5ca8443743a,0.0,0.0,6.029923796653748,6.029923796653748,0.0
tail,40,4,1,12,tail_1,True,True,,127,0,135,0,True,127,127,3965,53,78,0.02117919921875,0.0465189628303051,6.729129314422607,3.6948773860931396,-0.05909252166748047,-0.11414599418640137,6a6af1c15fc72375,6.670036792755127,7fdaabc98c121e0ff305307b97737402453bb4e70bd4e7f8d462184f2d5e476e,0.44270840287208557,c13d7c9ea1d16f497f183ccaa72d716772eeea568d1a1c63caf3a3646fd65f5e,3.5807313919067383,b677552c6d5530aa90a3ccc73097caf91965e58e25de98036e2439a75ce281bc,-4.841383457183838,cc453f5dd06127f5223b07db1d8ca5e8383caad53db8aee184dcac3f2af0d609,6.227328389883041,8.422114849090576,3.0893054008483887,5.2840918600559235,-2.194786459207535
tail,170,17,2,13,tail_2,True,True,,21,0,21,0,True,21,21,1154,21,21,0.0057118735276162624,0.0057118735276162624,4.383732795715332,5.590899467468262,-0.10030698776245117,-0.07025527954101562,3a6784850eab241d,4.283425807952881,1ec63123b14e9ab021782e2bb8f2de1c19847cca56fb74409eebb23ccaaca532,1.0839343070983887,5bde8f67bc7fb1f7ba7630420dc8f8e181a0c79fe30c9d46f4661c367de0fa77,5.520644187927246,c36fcf0c4e42fa39b59b14a5912cba4e8448852c58caf5ff5d7ccd64c9e2f963,-4.309805393218994,b6a52572dcc950f67ec2f784ae7cefa702663691b28bd5cfa362306c40f5097f,3.199491500854492,9.83044958114624,-1.2372183799743652,5.393739700317383,-6.630958080291748
tail,100,10,3,14,tail_3,True,True,,510,0,510,0,True,510,510,2044,132,132,0.0521443672478199,0.0521443672478199,6.146963119506836,4.670217037200928,-0.04296445846557617,-0.12712526321411133,15caf7a0fa63dc64,6.10399866104126,497ce81af48910c2839e80482d73667b62b977de1666df2f2d9d43d174165664,-0.7444993257522583,7088126d6ad3b0854e8027209080cdbcdb78539b32afb344031829291e95ccea,4.543091773986816,98f273c44a2319366e71cf837839c1265b0b9850aa24354a7b106b04b5c81349,-5.435050010681152,bb9272a802fcba022062bae41baa7421fcf45a5cb017a71963e6590f4f0a9912,6.848497986793518,9.978141784667969,1.5609068870544434,4.690550684928894,-3.1296437978744507
tail,0,0,4,15,tail_4,True,True,,49,0,49,0,True,49,49,1844,36,37,0.013219197280704975,0.013402302749454975,2.2418582439422607,5.20573091506958,0.09043455123901367,-1.5788683891296387,24071a76e3a8dd8f,2.3322927951812744,cd8ccdb5c4c3fa7be451a5eb39ac9cdede171e2e8ce83935ca058ad1629e62ab,-3.5521366596221924,85fb7054dd8103b8e61e463a3f3c1a08320c8d2e90a75a9d669d614b4b10504d,3.6268625259399414,25ec0af0ef3841f112fd15aef9a3a17c1c24bfed6f0c61a80623e125391c843f,-5.6992106437683105,f0a5348defd6f85696af6454b13ae70dcc8f7b32478cf89f2ce45e5de8a3cdac,5.884429454803467,9.326073169708252,-1.294569730758667,2.147073984146118,-3.441643714904785
tail,50,5,5,16,tail_5,True,True,,47,0,47,0,True,47,47,2651,35,35,0.010808308608829975,0.010808308608829975,4.182280540466309,4.60491943359375,-0.058825016021728516,-0.04949808120727539,de3c42403b42cf4a,4.12345552444458,9ad3a1e846600df04353687e287f38fcb79afba5c092ad0e7b0ea33d615874db,-0.9524532556533813,038a28585c9f2f12614c868ef1605a0c90045836f7ec1617eef1516a665c4fc2,4.555421352386475,0804ec40f0786b540c61aa9656f52b8a26bfd234f69863606b75987b06e748a5,-5.027688026428223,facb8a3b9f5fc1209a37604fd0f5af939d541701e2b8bcbe9e00f94e6df92c47,5.075908780097961,9.583109378814697,-0.43196582794189453,4.075234770774841,-4.507200598716736
tail,140,14,6,17,tail_6,False,False,target_not_visible_in_native_11;11_to_01_did_not_change_rgb;10_to_00_did_not_change_rgb,0,0,0,0,True,0,0,2544,0,0,0.0,0.0,1.1800591945648193,-5.402104377746582,0.0,0.0,d4aede8b726b15ed,1.1800591945648193,d96d0bb7f24fe2e957ba9d73d9be53d1d1cff7fc49966033b66499a631af98d7,1.1800591945648193,d96d0bb7f24fe2e957ba9d73d9be53d1d1cff7fc49966033b66499a631af98d7,-5.402104377746582,02f33d6561d451c6407aaa30be8eb7c1b416fd5af7ef8bd2194891f46f31d614,-5.402104377746582,02f33d6561d451c6407aaa30be8eb7c1b416fd5af7ef8bd2194891f46f31d614,0.0,0.0,6.582163572311401,6.582163572311401,0.0
tail,10,1,7,18,tail_7,True,True,,102,0,103,0,True,102,102,1020,41,49,0.012858073227107525,0.01677958108484745,5.930009365081787,6.770437240600586,0.11396503448486328,-1.9663333892822266,ee81c82fbf83735e,6.04397439956665,8b94559f59139b8eea7028aa309afd86c3ee67ee80aa4e14b8efa0ad7e0d045f,2.2341551780700684,84551bde9f6b8f7139c5aec047b29c15649f99e375b3794ccb80fcd2e830771f,4.804103851318359,c99dcf68384759656e7e3301ff402e7794ed2243fbf684552e9f0fa12afcf85b,-6.700023651123047,106a4bbd2764afae0329deb362d27f0070cfad5d75a5290e1e7b78d50b2dd701,3.809819221496582,11.504127502441406,1.239870548248291,8.934178829193115,-7.694308280944824
tail,30,3,8,19,tail_8,True,True,,24,0,24,0,True,24,24,3325,25,25,0.005584716796875,0.005584716796875,5.8579912185668945,5.485810279846191,-0.06614065170288086,-0.08420991897583008,a91e13fbcee57400,5.791850566864014,b53da27c95352cb1f6900e9f43749ff0e47915cb897b682268c5bfca2d13117f,-1.9579159021377563,054167750537785d523f790a50c4ff39d874013d0bd06b1972f90eadbde8bddf,5.401600360870361,6c7a95c92776780c7634581bbd2d4db43a86aec6b178fe96a672ae0dc7da6fef,-3.925663948059082,8cadaaeb4956533cca5cfab44fb5bc44ea5122f244f3a8852a5bfa3e6a38bccf,7.74976646900177,9.327264308929443,0.39025020599365234,1.9677480459213257,-1.5774978399276733
tail,71,7,0,11,tail_0,True,True,,9,0,9,0,True,9,9,1591,13,13,0.0046488442458212376,0.0046488442458212376,5.152976989746094,1.139969825744629,0.056435585021972656,-0.5373648405075073,7974492bf2eb4ef2,5.209412574768066,160dfc68bb823334dec2f9dfa098929d11414196570e9f31ba0eddf3ad2db7e9,2.931687593460083,342d54207a84684f5d69d6a7b4213e132000028fd83c700d26bdfa25054d78ea,0.6026049852371216,13fb44e6a5ac82b1ace4b0d1a4f0c279f81b728a04d9a87828affc73bdcea753,-4.624948501586914,890188938bf79e5d5c87b09c953c88ab52e9f77ba57bb4a3686b1ebe0cc59d7f,2.2777249813079834,5.227553486824036,4.606807589530945,7.556636095046997,-2.9498285055160522
tail,41,4,1,12,tail_1,True,True,,74,0,82,0,True,74,74,1378,40,62,0.0141143798828125,0.0353444404900074,3.559640884399414,0.9347199201583862,-0.24730515480041504,-2.148326873779297,10ca3d5d5f31f9e7,3.312335729598999,8fe8ec6b55b4edb79b994c030020dbd55ad750a3709180386198074c62ffe6dd,-0.7639836072921753,0dd9861c15aac5769095f580202c81aa2963885a9475e5992231eda908e451ca,-1.2136069536209106,2dfb85dbe8f228581b9235757b4211165c459e035e3637636cad76269a5ff1f8,-6.094606876373291,7eea524a0b6004875cacb75b929f34587878a5ac0a7a4662f8591a89f1d9f138,4.076319336891174,4.88099992275238,4.52594268321991,5.330623269081116,-0.804680585861206
tail,171,17,2,13,tail_2,True,True,,65,0,107,0,True,65,65,1311,38,109,0.0151824951171875,0.1076914444565773,4.921960830688477,5.42054557800293,-0.04964256286621094,-3.2361433506011963,43fde6e38340fd5a,4.872318267822266,344e6faf6e35a0ba8dcdd178df24cc5b29eb1417f71911ce49ec96a579eb554b,0.26803159713745117,cedd66d61bc21e1e10b8ef99a08eeab05ac0565d70152eaa60c05bc7d8bc1ebc,2.1844022274017334,f0cdd9395b9392f3d601b399840292e291c501e41eb6080d3043bd0707b75548,-4.905628204345703,696a514a3c4af27bbe3b6dbe28cdb69ed00ce8c5a436cf089b57946eff0e4741,4.6042866706848145,7.0900304317474365,2.6879160404205322,5.173659801483154,-2.485743761062622
tail,101,10,3,14,tail_3,True,True,,19,0,96,0,True,19,19,1102,30,139,0.008555094711482525,0.157562255859375,4.85895299911499,6.623262882232666,-0.6676983833312988,-9.792364120483398,06b2ebe0e034469b,4.191254615783691,6bac7174851d528edd7547569eff9b24c5286ebbe76158f994cf6ae10bff39ee,2.2725532054901123,066a00ddaf1b02b473382860a59b3927b359d1dc78c99e30a2081b6edfe6a6f7,-3.1691009998321533,46287c69d4f3044c94a56aa8a1176e7c2e361f1417784a4c133a89fa846ca6d9,-5.062407493591309,d4f3b9bd11876cf91e1ff5ee7d4072a85830f45489e187f1de2504a509e0b0a4,1.918701410293579,1.8933064937591553,7.360355615615845,7.334960699081421,0.025394916534423828
tail,1,0,4,15,tail_4,False,False,target_not_visible_in_native_11;11_to_01_did_not_change_rgb;10_to_00_did_not_change_rgb,0,0,0,0,True,0,0,4427,10,10,0.0016021728515625,0.0016021728515625,5.1623711585998535,-2.936168909072876,-0.1648426055908203,-0.16910386085510254,693b6ee0a7492139,4.997528553009033,d5d2afcc460ca375bbacbeadf2d961c57f2c5a909bdd82b8032466e44404ac55,4.997528553009033,d5d2afcc460ca375bbacbeadf2d961c57f2c5a909bdd82b8032466e44404ac55,-3.1052727699279785,2b41d925a5b3b1a958ac9c855b682ae0ed7bd7ee3c6b372af581d2ade918b6d5,-3.1052727699279785,2b41d925a5b3b1a958ac9c855b682ae0ed7bd7ee3c6b372af581d2ade918b6d5,0.0,0.0,8.102801322937012,8.102801322937012,0.0
tail,51,5,5,16,tail_5,True,True,,29,0,132,0,True,29,29,2299,37,171,0.0104217529296875,0.1714019775390625,1.7766661643981934,6.734042167663574,0.13895130157470703,-7.836709022521973,e74f3f0738e89999,1.9156174659729004,28b206c298a4ce480294ec3a0b5cc44083695d5623b6f9bc14044f4f143d4bdb,0.6594277620315552,37ea14799a3ece7aea2e451280872a71d0d5347fb721c982d4338bd10a08f511,-1.102666974067688,adc2bea9dac8ff6106bf1c819d391e417f0c489c5b75c90145134979a2a8522c,-4.626765727996826,2e0b82231b7ef8c87386a1c7503eb5fe6636812abc06fc8f4dd2e58297bfaa34,1.2561897039413452,3.524098753929138,3.0182844400405884,5.286193490028381,-2.267909049987793
tail,141,14,6,17,tail_6,True,True,,54,0,73,0,True,54,54,1319,29,70,0.008392333984375,0.0377604179084301,3.8390114307403564,6.852397918701172,-0.09617137908935547,-0.21158790588378906,c16d5fb1980d2dfc,3.742840051651001,f160cecde0fb3a4c4ce0a8232972ae3d83bae04ba7174f04770c81572160b955,1.1552056074142456,6279ee891a244b10883ce45807de23f527393b6cdeaa405ffa09689e2e78e89c,6.640810012817383,d139d26f48fab59dc436542c35a9ae8b709ab87a3854755398b99da01fef6e7e,-5.298666477203369,3d6271c334ba6b0e0d9e1ef95bfa68696591c6c76e57e80e378136d969920b8b,2.5876344442367554,11.939476490020752,-2.897969961166382,6.453872084617615,-9.351842045783997
tail,11,1,7,18,tail_7,True,True,,236,0,236,0,True,236,236,1601,71,71,0.024505615234375,0.024505615234375,5.760862350463867,6.597185134887695,-0.0835409164428711,-0.3736891746520996,a9a8741351ee0b02,5.677321434020996,43456e9fcbbb36b5f364b6d83653ec066a2b07acadefebe497d4300de6f79542,0.9735938310623169,d48ac254833c0a5391066cbaf7fb4e2fddeb5daed4199264c4de2202ace7ac93,6.223495960235596,8abf0b11b17147c18e64a16ff94cd1cc094a62ae8027d9559cae8f56a0a99166,-6.244781970977783,97e23b97b80e991551375be63b488d4f3c033120e81d4163845cf31d10b27699,4.703727602958679,12.468277931213379,-0.5461745262145996,7.2183758020401,-7.7645503282547
tail,31,3,8,19,tail_8,False,False,target_not_visible_in_native_11;11_to_01_did_not_change_rgb;10_to_00_did_not_change_rgb,7,0,7,0,True,7,7,1781,19,20,0.0038096110802143812,0.0042266845703125,5.328581809997559,4.365311145782471,-0.014305591583251953,-0.2287158966064453,f0d69eb5571a5de9,5.314276218414307,0b48c212bb9bac8db22453a2f97eeebdfc6e3cd4e7396a0e360986e71167a4b0,-2.924611806869507,182cd24ca8dc3b9a818ea6ab3e8363a323927c897aa072e9e71e29c3833a8475,4.136595249176025,ca0e10b0c45bad7a9a7aaf5bb49ee318f83c1432d3ff1c2f6e61469e83dea6dc,-4.294966220855713,e431840754c42b649eb4066db8782b2506441a59cad9dda2e8d1b897afcd9b32,8.238888025283813,8.431561470031738,1.1776809692382812,1.370354413986206,-0.1926734447479248
tail,72,7,0,11,tail_0,True,True,,20,0,20,0,True,20,20,1903,21,21,0.0060679116286337376,0.0060679116286337376,4.654311656951904,5.347989559173584,-0.005950450897216797,-0.3503913879394531,961f5d574fea86a6,4.6483612060546875,68cb7555acfc41c10b4d47398148b3ea48816f00b99b3345031486135b325f3f,1.437732458114624,4d837893407ee9f7203098510dcdab3a020911fd56ee64acc89793513aaf7b31,4.997598171234131,74ae3d4bc42239d0dc4cf2797d66c3ae6430d4e972d7dcc2fac77420c22495fc,-5.300729751586914,8d3074a5aa8b0a135e0b58716c369f6b5e2c72ed2ba8dd688869a89e13a75770,3.2106287479400635,10.298327922821045,-0.34923696517944336,6.738462209701538,-7.0876991748809814
tail,42,4,1,12,tail_1,True,True,,108,0,108,0,True,108,108,1140,53,53,0.02643330954015255,0.026519775390625,6.024054527282715,6.5804123878479,-0.11567163467407227,-0.19322919845581055,003a4593de0ee4b5,5.908382892608643,a8d42a9c5b4c27506237a4c026706e7db31a31e8feafefe1787be061d6539aa5,0.05810025334358215,71de63c223bc5760633c18811a95a18ce04b72a643eb3b2273c72e5feb95d77c,6.38718318939209,f1790a65b1748a63a12e6176be729c51c8a99b897f97d32a29e150e87aa20b22,-4.467104911804199,02c37ba8f50b3219c4173d6e3ae8e9bb5ad57fb58b5669452d9dbc287cfe91c5,5.85028263926506,10.854288101196289,-0.47880029678344727,4.525205165147781,-5.004005461931229
tail,172,17,2,13,tail_2,True,True,,111,0,111,0,True,111,111,873,47,47,0.0169525146484375,0.01694742776453495,3.54416561126709,1.6484723091125488,0.1256422996520996,-1.2379848957061768,6e396911bead502b,3.6698079109191895,dafe82a9edf1a26f7588b26c309080fe22f67e806c2275312a701c8838104dfd,-2.721536159515381,d89061d3d32ded7abbb1e7cf534978c021ec5f0fada269fea239458ce01cf552,0.41048741340637207,1b51c5c21520e9cd2c8ad86f52e64f2ac383c46841c6072d8dba3b491141bbcd,-6.70161771774292,f736db8376224dce4db7603796ee346943d12078101b73e113c2c2835936e818,6.39134407043457,7.112105131149292,3.2593204975128174,3.980081558227539,-0.7207610607147217
tail,102,10,3,14,tail_3,True,True,,16,0,16,0,True,16,16,1631,17,17,0.0051727294921875,0.0051727294921875,5.806850910186768,5.656697750091553,-0.0028772354125976562,0.11011219024658203,d8369a36998179ff,5.80397367477417,33227b7a5e78f1bd64e7ecfc53313687b6d461401894df2c0b04fd6d63ca3c7c,0.2657124400138855,da9a45d58ba59acd8ef3ae75deb56dddc8333162731d893515609ad671b6f0ed,5.766809940338135,6929fc985bb4e84fca7638898f00911ae5ac4228de3dd92d4991041d60b43ee5,-4.239865303039551,6cb6d3a284047965ab942ddbf128fb7f87e62e6306cfb632b034d5ba9561ce90,5.538261234760284,10.006675243377686,0.037163734436035156,4.505577743053436,-4.468414008617401
tail,2,0,4,15,tail_4,True,True,,302,0,310,0,True,302,302,3928,73,94,0.032501220703125,0.0529378242790699,5.714310169219971,6.761948585510254,-0.18184757232666016,-1.3171000480651855,c2db4d07b5b9297a,5.5324625968933105,cecf051cea0475d8eb5f199e8354b40ebad27419d5c6c4bb50a544720c7441c9,0.10911187529563904,dcc8544afd710d4090ac5d42137d11025689eb844dbe413393dd24c8283f51d8,5.444848537445068,d30df274b37cfb8fac7c3f770190e017713b98e12927b3b19c49e9823af3a7fe,-4.802395343780518,d13bab77edc6d1a8fab7f907d1ca4e91b8d60faf10c5f57a8276aabf46757765,5.4233507215976715,10.247243881225586,0.08761405944824219,4.911507219076157,-4.823893159627914
tail,52,5,5,16,tail_5,True,True,,33,0,33,0,True,33,33,4024,24,24,0.007883707992732525,0.007883707992732525,6.034209251403809,5.835502624511719,-0.008219718933105469,-0.015261650085449219,a9561d1133aefd30,6.025989532470703,57f899e3f3010d92aa24dc226a2766dc422b861ec7c2ab10738a723174abfea9,0.1926029920578003,9752f7d455132861ed0beab9e48b101d89fa601b715375bbd3f0cb1c49f6acce,5.8202409744262695,f08e30e421e8db7ef48e75cbfd62aa63b64b27a7fa9990c05e7f2810c060ea9a,-5.000464916229248,015c9603308de33e6c23c36cb79c11e2dab0795fa2b1444d7b8e5ded73f01135,5.833386540412903,10.820705890655518,0.2057485580444336,5.193067908287048,-4.987319350242615
tail,142,14,6,17,tail_6,False,False,target_not_visible_in_native_11;11_to_01_did_not_change_rgb;10_to_00_did_not_change_rgb,5,0,5,0,True,5,5,3481,12,12,0.0031280517578125,0.0031280517578125,5.833798885345459,5.4811692237854,-0.3821239471435547,-1.3046178817749023,a69f1b23879a2719,5.451674938201904,d45167524aca1adce8fe7c5bf5ae43ef78f30a233632daabf96b0dade883a481,2.2333195209503174,abab5cc720c51612f2787a0d991a9c7c09d075186d2d842085f359c3b42a2173,4.176551342010498,3844b4c336f9f705bceede69754fcf8d7218b93e91693ba86f6f57e2612254ba,-4.087183952331543,712854d563f290840b48a2776cf3c22c121caa22e22b8e8419fec0a32f99de21,3.218355417251587,8.263735294342041,1.2751235961914062,6.32050347328186,-5.045379877090454
wing,160,16,0,20,wing_0,True,True,,535,0,535,0,True,535,535,594,243,243,0.1077779158949852,0.107757568359375,5.006381034851074,8.899608612060547,-0.36071348190307617,-0.9722752571105957,ddda5e6a51ba9416,4.645667552947998,8f05419bc9ad7f582a22db897897527f897f0915c95d098438066f7e43c8f82b,-0.8578577041625977,06abe9764c2244fd449aa4c4a9721ace6c92927d1af6dfdccc7063d348ddedc9,7.927333354949951,20019b3396a599a6379d17bc43934b9d85d48f6789554ff92a6c29ceaf065f87,-5.6961445808410645,12faf01efa5e9e46b70332f2962062aaa64fa989518cd4da1264c0dbdbd15792,5.503525257110596,13.623477935791016,-3.281665802001953,4.838286876678467,-8.11995267868042
wing,20,2,1,21,wing_1,True,True,,87,0,115,0,True,87,87,722,157,198,0.0844268798828125,0.1354319304227829,3.242786407470703,8.247296333312988,0.26839470863342285,-1.6154241561889648,cf14303bc25c9fbd,3.511181116104126,e732034746b1528189f6c7bdd181cc83219980147c0117fefb7c16d1e45b23b6,-1.2108235359191895,db5ffda08ea9203281db9a2ce431b201cd86d288a616a5db80c8e1ae02fadf21,6.631872177124023,4d5c73d7836dc076e8452c068584a6db66f3d320b815e9e09f3b896e8eb0af0d,-4.858160018920898,1c901fb87fc46910db212c852654217ef3c7ecb4237cc78905ae0bb4e0f15d1d,4.722004652023315,11.490032196044922,-3.1206910610198975,3.647336483001709,-6.7680275440216064
wing,10,1,2,22,wing_2,True,True,,212,0,212,0,True,212,212,815,140,141,0.0724843367934227,0.0727437362074852,5.044758319854736,7.400766849517822,-0.34224796295166016,-0.36824512481689453,ee81c82fbf83735e,4.702510356903076,240d1d6d0ca85d80aa87053ff4aafbaaf4c69e2ed4d650920e7707e300521de6,-0.625859797000885,67e413284ce0b4dba4bb5504c63b77d3c905dce144a50d622a946d6cd059e4ff,7.032521724700928,855fd8d49dee0e3fe3bf64cdb8fdfb34fb8c2f854ba32bda776f3bfcdbaf9588,-4.301307678222656,106a4bbd2764afae0329deb362d27f0070cfad5d75a5290e1e7b78d50b2dd701,5.328370153903961,11.333829402923584,-2.3300113677978516,3.6754478812217712,-6.005459249019623
wing,50,5,3,23,wing_3,True,True,,1004,0,1004,0,True,1004,1004,1496,233,233,0.1044565811753273,0.1044565811753273,4.402760982513428,5.135047435760498,-0.11588239669799805,-0.23973369598388672,de3c42403b42cf4a,4.28687858581543,2d7b3f239738f2ac1fad83a5dd9f555159a2c042ddb711b40c183e04e0949118,-1.867396354675293,e0384b2a59f61212fc4fa6963e7cbe87090ce028f40603d8949cbbc6d1e6319e,4.895313739776611,bb580132d94efb7d120e9680e54db971cd27a6981e0acbe2a75d2f2d5f11aea6,-5.400943756103516,facb8a3b9f5fc1209a37604fd0f5af939d541701e2b8bcbe9e00f94e6df92c47,6.154274940490723,10.296257495880127,-0.6084351539611816,3.5335474014282227,-4.141982555389404
wing,0,0,4,24,wing_4,True,True,,771,0,771,0,True,771,771,963,195,195,0.0851033553481102,0.0852254256606102,6.047610759735107,6.487429618835449,0.07717132568359375,0.002819061279296875,24071a76e3a8dd8f,6.124782085418701,aecea60e6d87229948c772f3edbfeb6ce8340eddf00f462b0d1d70b9c02f667a,-1.321345329284668,98bcea7ac9288063429c74c5de890656ade6ed1f050128a69fd12ab9e797472d,6.490248680114746,76d5a1f82cf36fd1fe84ef6ff14647a82302701fba52182361d746e7134a8ea3,-4.286805152893066,f0a5348defd6f85696af6454b13ae70dcc8f7b32478cf89f2ce45e5de8a3cdac,7.446127414703369,10.777053833007812,-0.3654665946960449,2.9654598236083984,-3.3309264183044434
wing,30,3,5,25,wing_5,True,True,,1740,0,1740,0,True,1609,1609,1442,323,323,0.1152852401137352,0.1152852401137352,4.51888370513916,4.496210098266602,-0.1748809814453125,-0.43901634216308594,a91e13fbcee57400,4.344002723693848,d1eb7b48aa95e10de7a843063f99e09c943f1db54e1a21fee5fffef509e4abd8,-2.8352184295654297,b5d2a3b4d3e75e85a169e4f3d8eab891194b7b6d5afb6029d9f6cd0dc0f0fb28,4.057193756103516,89280a7c7b864d012d6617594522fbab3cc4c75b7f42f3fd888d4989f3202582,-4.316384315490723,8cadaaeb4956533cca5cfab44fb5bc44ea5122f244f3a8852a5bfa3e6a38bccf,7.179221153259277,8.373578071594238,0.28680896759033203,1.481165885925293,-1.194356918334961
wing,161,16,0,20,wing_0,True,True,,1545,0,1545,0,True,1545,1545,1171,274,274,0.1136881485581398,0.1136830672621727,4.652009010314941,3.5077147483825684,0.28692102432250977,0.7099776268005371,d0ec6097d76a5ae0,4.938930034637451,c1a7096646892036e8c32f9ece7e23eca970e44305392a0fbf6d192db83a27c5,-4.027457237243652,4a112d8a0c751470b4cfa5b0042e58f526e73b0a48abd943c777b88c71036d1e,4.2176923751831055,0c1814cc8aa88879ab10afb202c0784f21d7770d0739ca17955965cdaffd75c6,-4.674143314361572,f840eebb089d877d31a5ea299a9eb7c990989f08fb88eebe2479de185d24ff48,8.966387271881104,8.891835689544678,0.7212376594543457,0.6466860771179199,0.07455158233642578
wing,21,2,1,21,wing_1,True,True,,396,0,396,0,True,396,396,619,182,183,0.0894622802734375,0.0898590087890625,5.449216365814209,6.641009330749512,-0.0888071060180664,-1.0622506141662598,716e8ddc57ae023b,5.360409259796143,237c1b42d4c1ce83881e707efe7eb4567c03ac930427f73e0f3121aa51e4f1c4,-0.30867621302604675,18748b60e9be8de3020d3e8ac61263c6c813a6843f7b80f2bb0719a7bde5df70,5.578758716583252,20992188f71cf050b38a317e42b48e740f76cc7b660b57547bb90d07e4495e91,-4.259316921234131,7cc8a671f051ba4f9279ab71616bf649447598d73736b2a2fbbaa86cda15004f,5.669085472822189,9.838075637817383,-0.21834945678710938,3.950640708208084,-4.1689901649951935
wing,11,1,2,22,wing_2,True,True,,673,0,673,0,True,673,673,988,247,247,0.1043752059340477,0.1043650284409523,3.6192431449890137,3.5277903079986572,-0.22919964790344238,-0.8187003135681152,a9a8741351ee0b02,3.3900434970855713,c45def7e6f2593973074112bab0710358d91f31275192912b445c2399a67aef3,-0.513188898563385,9ae0ad36294f7852cdb997cfc500e0b471bcc9308401acd72375faf6547248d9,2.709089994430542,7ea7cd00bc5d3669a5f1f77b98cfd624a5549d8fe34290222b4b5e534a2343bb,-3.7989933490753174,97e23b97b80e991551375be63b488d4f3c033120e81d4163845cf31d10b27699,3.9032323956489563,6.508083343505859,0.6809535026550293,3.2858044505119324,-2.604850947856903
wing,51,5,3,23,wing_3,True,True,,462,0,462,0,True,461,462,1865,156,162,0.080596923828125,0.0916239395737648,5.103111267089844,6.833682537078857,-0.039130210876464844,0.8327183723449707,e74f3f0738e89999,5.063981056213379,19ceb9f5e54c4944bbc55f4ed61613a2f53df82944d6690b0905873c3d08da2d,-1.2098114490509033,bed3861ae1194a3c7347c938ab5c11033e011ed8096fa01e6e2b67564928060d,7.666400909423828,43bd046a142116fa467e767a123dcd30b1859560dcd6ed0efa26d2d704d91095,-5.8689703941345215,2e0b82231b7ef8c87386a1c7503eb5fe6636812abc06fc8f4dd2e58297bfaa34,6.273792505264282,13.53537130355835,-2.602419853210449,4.659158945083618,-7.261578798294067
wing,1,0,4,24,wing_4,True,True,,2247,0,2247,0,True,2247,2247,1833,357,357,0.1447804719209671,0.1447804719209671,4.856062412261963,4.336791515350342,-0.32860851287841797,-0.5227727890014648,693b6ee0a7492139,4.527453899383545,2ca72a2afc31b1afe2c5aab08e0d93000e0a05f51f70a41109ee3e07cf45431d,-0.8391263484954834,bd7cfb8a84f72bf657ae3a4a26e65ffdd9b57fe755e8985b0d8e7e67b6c5d450,3.814018726348877,6f7a65bb74d083715e3b8f471eb7ffd4e0ff300f1cf9c416b10c7cbef80d46f7,-3.675581693649292,2b41d925a5b3b1a958ac9c855b682ae0ed7bd7ee3c6b372af581d2ade918b6d5,5.366580247879028,7.489600419998169,0.713435173034668,2.8364553451538086,-2.1230201721191406
wing,31,3,5,25,wing_5,True,True,,882,0,882,0,True,882,882,667,253,253,0.0835774764418602,0.0835774764418602,4.785619735717773,6.331020355224609,-0.07912635803222656,0.1276836395263672,f0d69eb5571a5de9,4.706493377685547,5970277be0f00ed2b940d0e36d5f24d70d5b797df2fde89a62abbcd1b2c2ece9,-4.533231735229492,b808e59df87c2a2850f1a519aa043673183357616f9013d65f361b338fe996cb,6.458703994750977,663d15a3a01ece1cbc4c9ded4bf52d5dcc3df3df8fe74bfd2fbc54d0b5e3ff54,-4.0980424880981445,e431840754c42b649eb4066db8782b2506441a59cad9dda2e8d1b897afcd9b32,9.239725112915039,10.556746482849121,-1.7522106170654297,-0.43518924713134766,-1.317021369934082
wing,162,16,0,20,wing_0,True,True,,1040,0,1040,0,True,989,989,742,246,248,0.1025899276137352,0.1031239852309227,8.441606521606445,9.109855651855469,-0.8571066856384277,-0.9631462097167969,6673773b6a29c197,7.584499835968018,fb5446804eeb9eca561649f4263d8f619bf20e97de2c38eee9c83cdaed4a5ee5,-0.7769371271133423,f60de92b56c619a15655d6958adf834cef71be90cf358ab90060184cc57750a1,8.146709442138672,c5a1049c15f88befe44456dff1d8563cf3e2cfa3e8c773cc39e86c1d89f0175e,-5.012068748474121,b18f56d4f81838c62b941552627e59b619e06260075f7dc802e730f39edb2690,8.36143696308136,13.158778190612793,-0.5622096061706543,4.235131621360779,-4.797341227531433
wing,22,2,1,21,wing_1,True,True,,299,0,321,0,True,299,299,815,195,233,0.0860849991440773,0.1278635710477829,3.9620392322540283,10.052721977233887,0.07838273048400879,-1.0146923065185547,cc21f153e32417c1,4.040421962738037,bf3d795ef6218869e5990c16cd841a3fec0b7783ed0f4128a44d02f4f420307c,-1.8085417747497559,d75cf77e5e77e2fdf40aee6d64773438d521682fea71aa7e6003a4e74ae20136,9.038029670715332,04c987891be93a4a8f2bb723744084ab919a9fb84a82951376b2d7c131ab620c,-5.142543315887451,21c2ec037371fcf3bfafa2f9077500ab9b1625c71bbbc2ee19d9d8d1e8ef535b,5.848963737487793,14.180572986602783,-4.997607707977295,3.3340015411376953,-8.33160924911499
wing,12,1,2,22,wing_2,True,True,,404,0,404,0,True,404,404,769,149,152,0.0866750106215477,0.086517333984375,3.783600330352783,8.315064430236816,-0.3211033344268799,0.040963172912597656,5d36ad2e8344dbee,3.4624969959259033,cca90152e875df4b100c6dfda98d8159b1d2d5b4c65c4bfa8eb0a94acd854fe7,-0.5581492781639099,764e37b8356f3261d61ec589e1db6a7b779d61412181ab15ddc3ae247e0c3d92,8.356027603149414,fc933fe54dfbed9f18f8062943674880955fe7272337efd4fbee3a520fe6cbc8,-3.834760904312134,8eaf4af640e1668e4de78380799383d694034f73d24405639bf578447bebfc37,4.020646274089813,12.190788507461548,-4.893530607223511,3.276611626148224,-8.170142233371735
wing,52,5,3,23,wing_3,True,True,,1994,0,1994,0,True,1994,1994,1712,375,375,0.1754150390625,0.1754150390625,5.41986083984375,6.0982890129089355,-0.4407505989074707,-0.5971760749816895,a9561d1133aefd30,4.979110240936279,f36c2c7f16a6b5b33d4484dae032cab98e76c178f3930f951735acb2fe66c944,-2.287165880203247,896565ee4ab67c4ec646225b6a2da62261e524a10740089ed2ff5eaee9048d05,5.501112937927246,5582bda875af9d55ac8ed3860d76543092deb5a005f75229a82eecc4301bb592,-5.932814121246338,015c9603308de33e6c23c36cb79c11e2dab0795fa2b1444d7b8e5ded73f01135,7.266276121139526,11.433927059173584,-0.5220026969909668,3.645648241043091,-4.167650938034058
wing,2,0,4,24,wing_4,True,True,,971,0,971,0,True,971,971,3053,296,299,0.1470438688993454,0.1470743864774704,5.991186141967773,6.057450771331787,0.17806577682495117,0.20794248580932617,c2db4d07b5b9297a,6.169251918792725,022e6d3cf6e425f40ef961824001227568ed8295532340f69177cc1b51ba42e2,-0.688166081905365,e5ec2c3be85165babe7fe4615ff74c1193ac08493a84a682327f6af3e15542b4,6.265393257141113,6316a24c01505c250edef8e58761bd8a446c59e112facdca6ab19bef0e65f6b4,-3.9847025871276855,d13bab77edc6d1a8fab7f907d1ca4e91b8d60faf10c5f57a8276aabf46757765,6.85741800069809,10.250095844268799,-0.09614133834838867,3.2965365052223206,-3.3926778435707092
wing,32,3,5,25,wing_5,True,True,,151,0,151,0,True,150,151,581,124,128,0.0664876326918602,0.0697123184800148,5.325048446655273,9.293320655822754,-0.2429037094116211,0.29424285888671875,dba43050eaca2642,5.082144737243652,5282655359ac1b294d1d2eb1203e01b91c58c49566b0105e63bce49c56da996d,-1.8867151737213135,3a502eb9e3290282822efc817d8ae7e28e2c7ec7e7df7463398c344916c95c20,9.587563514709473,639052561382f9112b2391a1dc502f68f3236d60d563cdddde593dcc61f98393,-4.80936336517334,f1aad9f6e6926842bdaa72992efa3186c7293bc8d64ca24373882d1114a399de,6.968859910964966,14.396926879882812,-4.50541877746582,2.9226481914520264,-7.428066968917847
wing,163,16,0,20,wing_0,True,True,,742,0,742,0,True,742,742,563,215,216,0.0947113037109375,0.094818115234375,5.070918083190918,6.7094645500183105,0.6466422080993652,0.6974606513977051,f5af2eef45d8a809,5.717560291290283,f5083cfb7c0be4decb0d89dc8e36f2de6e69163e87980475844e66d033e7e3a7,-3.3961644172668457,5d0d69b2597c9bbd14cf971f6154b01d9d613fa0d051ba6e48c802d8017ca58b,7.406925201416016,65e2ebcaff8b56a13e9c2f19e2483cc31196586a55ad481571ffe9eeff6aa87a,-5.778465747833252,69b69a6467bda6824be4d5e415c679f54cb1fa35a434baa5cd88ca69cba9cca2,9.113724708557129,13.185390949249268,-1.6893649101257324,2.3823013305664062,-4.071666240692139
wing,23,2,1,21,wing_1,True,True,,165,0,165,0,True,165,165,1665,206,206,0.1248321533203125,0.1248321533203125,2.9259982109069824,5.329908847808838,0.0409398078918457,0.2607440948486328,de6bc6170c73ef5a,2.966938018798828,a3f9683171cac42508d0e8343686a4bd267a2fa4cbd14e4ff73b4ad62bcecf60,-1.446214199066162,05395a1701dba0e56410679bbb6fc3966439870d608fb5c96aa13535aee5a405,5.590652942657471,c7e30fac3acc70179b50d3ad7369a24ca6ffdc8339ff3ffa482a7531823defc9,-5.1746907234191895,d130113074fa658c37bdee41a8292de456adcb1c94beef95a048c903561fccab,4.41315221786499,10.76534366607666,-2.6237149238586426,3.7284765243530273,-6.35219144821167
wing,13,1,2,22,wing_2,True,True,,813,0,813,0,True,813,813,647,217,217,0.0817464217543602,0.0817464217543602,4.003279209136963,6.655781269073486,-0.4384036064147949,-0.4259614944458008,7cf755a4b09b9c08,3.564875602722168,b2e51ccea474dd168e780cc5ea9665c142d23dca117ecf98316b73a56a8c97fd,-1.5641628503799438,21608caeaebab155e3e429fc9d0a6c3472a2dd5bec9ff6ea539c9b34fbc31f60,6.2298197746276855,4e60bff4cb2b878b016c8d69d1be6898831298dd3ab735ae9cd9cac1b6cc06e3,-3.2657253742218018,b26388a38d0241bdaea15c6f0eb99f9a03287393b7cc1bbc45ea80518c3f2b26,5.129038453102112,9.495545148849487,-2.6649441719055176,1.701562523841858,-4.3665066957473755
wing,53,5,3,23,wing_3,True,True,,1554,0,1554,0,True,1554,1554,2459,411,411,0.19482421875,0.19482421875,5.255250930786133,3.459561347961426,-0.3269820213317871,-0.2888343334197998,8ec292382cb91bff,4.928268909454346,41c042d368bb8aee2ccc20625b72c65a9a428e67b985e30e1477a6517733470a,-3.4154200553894043,fc0be3173a40f996d141eb7629cb95c2fc26627f62b95b08a4673b2b3c4155ae,3.170727014541626,24ce0981e2abad3d38809a2dd0077d71dadb5df76b7023ff7d91bd6202cbffb1,-5.670684814453125,c9b35b4153cb0be2c026b036a3aa8adb7fe3e2f8edd35085332ccb71d86b42df,8.34368896484375,8.841411828994751,1.7575418949127197,2.2552647590637207,-0.497722864151001
wing,3,0,4,24,wing_4,True,True,,689,0,689,0,True,689,689,1493,303,303,0.1213175430893898,0.1213175430893898,2.9847285747528076,5.794218063354492,-0.4604637622833252,-0.6108899116516113,714a3c484a2e6a5a,2.5242648124694824,4076401806321d45f62557f7a578719ccf4d68ac978d419c47867f60bd2a6062,-1.3658738136291504,e30424cff7d827de150d4ea2dc5eb3ae597209f975c3a56835cc62235822e098,5.183328151702881,c6cb8d100269e961e5504af07d41566dd5721c092cf7062ee32a882739b282d7,-4.7277092933654785,cfe7b05cced20d64120b2393cbec4945e699c40a98fb894001d1be845bbe5501,3.890138626098633,9.91103744506836,-2.6590633392333984,3.361835479736328,-6.020898818969727
wing,33,3,5,25,wing_5,True,True,,1374,0,1398,0,True,1374,1374,825,357,396,0.13226318359375,0.1673227995634079,5.554069519042969,8.01267147064209,-0.061148643493652344,-0.8428716659545898,17acc22c713a8003,5.492920875549316,aecc50c1d897a371262248ae82bc875278b3f369b2034b84cf876f423e061e41,-1.0207765102386475,3d9a7f16bac8dfedb0196dfbcd1658fcbacf1ca73302d2e2463c370855fe1eae,7.1697998046875,5cb268ed441c6350ffe43b0f571b81b190436ed9e023330a4b169d4357cb0cee,-3.082502603530884,11aee0620a63ea600835c67c83702eb0890bff5fa61b2ddb72b2b67fe8e851e9,6.513697385787964,10.252302408218384,-1.6768789291381836,2.0617260932922363,-3.73860502243042
wing,164,16,0,20,wing_0,True,True,,1901,0,1901,0,True,1901,1901,1981,329,329,0.1467539519071579,0.1467539519071579,8.237011909484863,6.801259517669678,-0.3056187629699707,-0.2792778015136719,f53432384bb3ca77,7.931393146514893,f41ed2dabfe9b8168240eb8fe268b2d30bb017e9f1c531bacf17a765feec308b,-2.987196445465088,620c92056655843f7cf2228414a74580a511fd49a891323abc2fff5d6f99099a,6.521981716156006,6d802bb1e53b26761f0f3edc3c939158eb262b32f4da200094dc496e52be7974,-5.232854843139648,cf17323585b1e1fc2b25a9908e7d11a6ed2fbecc6698212f3a5640e0c555c855,10.91858959197998,11.754836559295654,1.4094114303588867,2.2456583976745605,-0.8362469673156738
